[{"pk": 1, "model": "flashcards.cardtemplate", "fields": {"back_prompt": "", "ordinal": 0, "back_template_name": "flashcards/shared/1/1_back.html", "name": "Production", "front_prompt": "What is this in Japanese?", "created_at": "2011-01-06 07:25:47", "description": "", "modified_at": "2011-01-06 07:25:47", "fact_type": 1, "card_synchronization_group": null, "requisite_field_types": [1, 2, 3], "active": true, "generate_by_default": true, "allow_blank_back": true, "hide_front": false, "front_template_name": "flashcards/shared/1/1_front.html"}}, {"pk": 2, "model": "flashcards.cardtemplate", "fields": {"back_prompt": "", "ordinal": 1, "back_template_name": "flashcards/shared/1/2_back.html", "name": "Recognition", "front_prompt": "What does this expression mean?", "created_at": "2011-01-06 07:25:47", "description": "", "modified_at": "2011-01-06 07:25:47", "fact_type": 1, "card_synchronization_group": null, "requisite_field_types": [1, 2, 3], "active": true, "generate_by_default": true, "allow_blank_back": true, "hide_front": false, "front_template_name": "flashcards/shared/1/2_front.html"}}, {"pk": 3, "model": "flashcards.cardtemplate", "fields": {"back_prompt": "", "ordinal": 3, "back_template_name": "flashcards/shared/1/3_back.html", "name": "Kanji Reading", "front_prompt": "How do you read this kanji?", "created_at": "2011-01-06 07:25:47", "description": "", "modified_at": "2011-01-06 07:25:47", "fact_type": 1, "card_synchronization_group": null, "requisite_field_types": [1, 2, 3], "active": true, "generate_by_default": false, "allow_blank_back": true, "hide_front": false, "front_template_name": "flashcards/shared/1/3_front.html"}}, {"pk": 4, "model": "flashcards.cardtemplate", "fields": {"back_prompt": "", "ordinal": 4, "back_template_name": "flashcards/shared/1/4_back.html", "name": "Kanji Writing", "front_prompt": "How do you write this in kanji?", "created_at": "2011-01-06 07:25:47", "description": "", "modified_at": "2011-01-06 07:25:47", "fact_type": 1, "card_synchronization_group": null, "requisite_field_types": [1, 2, 3], "active": true, "generate_by_default": false, "allow_blank_back": true, "hide_front": false, "front_template_name": "flashcards/shared/1/4_front.html"}}, {"pk": 1, "model": "flashcards.undocardreview", "fields": {"card_history": 103, "timestamp": "2011-01-11 05:43:27", "user": 1, "pickled_review_stats": "gAJjZGphbmdvLmRiLm1vZGVscy5iYXNlCm1vZGVsX3VucGlja2xlCnEBY2ZsYXNoY2FyZHMubW9kZWxzLnJldmlld3MKUmV2aWV3U3RhdGlzdGljcwpxAl1jZGphbmdvLmRiLm1vZGVscy5iYXNlCnNpbXBsZV9jbGFzc19mYWN0b3J5CnEDh1JxBH1xBShVB3VzZXJfaWRxBksBVRRmYWlsZWRfcmV2aWV3c190b2RheXEHSwJVFWxhc3RfZmFpbGVkX3Jldmlld19hdHEIY2RhdGV0aW1lCmRhdGV0aW1lCnEJVQoH2wELBSsWBzo3hVJxClURbmV3X3Jldmlld3NfdG9kYXlxC0sBVQZfc3RhdGVxDGNkamFuZ28uZGIubW9kZWxzLmJhc2UKTW9kZWxTdGF0ZQpxDSmBcQ59cQ8oVQZhZGRpbmdxEIlVAmRicRFVB2RlZmF1bHRxEnViVQJpZHETSwFVEmxhc3RfbmV3X3Jldmlld19hdHEUaAlVCgfbAQoHAxoC+OuFUnEVdWIu", "pickled_card": "gAJjZGphbmdvLmRiLm1vZGVscy5iYXNlCm1vZGVsX3VucGlja2xlCnEBY2ZsYXNoY2FyZHMubW9kZWxzLmNhcmRzCkNhcmQKcQJdY2RqYW5nby5kYi5tb2RlbHMuYmFzZQpzaW1wbGVfY2xhc3NfZmFjdG9yeQpxA4dScQR9cQUoVRBsYXN0X3Jldmlld2VkX2F0cQZjZGF0ZXRpbWUKZGF0ZXRpbWUKcQdVCgfbAQsDAAAEEZCFUnEIVQ5sYXN0X2ZhaWxlZF9hdHEJaAdVCgfbAQsDAAAEEZCFUnEKVQhpbnRlcnZhbHELRz+OZux5oP+aVRFsYXN0X3Jldmlld19ncmFkZXEMSwBVC2xhc3RfZHVlX2F0cQ1oB1UKB9sBCwMPFAQWZYVScQ5VBl9zdGF0ZXEPY2RqYW5nby5kYi5tb2RlbHMuYmFzZQpNb2RlbFN0YXRlCnEQKYFxEX1xEihVBmFkZGluZ3ETiVUCZGJxFFUHZGVmYXVsdHEVdWJVB2ZhY3RfaWRxFksDVQlzdXNwZW5kZWRxF4lVBmFjdGl2ZXEYiFUQbGFzdF9lYXNlX2ZhY3RvcnEZRz/2AAAAAAAAVQ1sYXN0X2ludGVydmFscRpHP452COWfltJVDHJldmlld19jb3VudHEbSwxVBmR1ZV9hdHEcaAdVCgfbAQsDFQ4Hc0eFUnEdVQtlYXNlX2ZhY3RvcnEeRz/2AAAAAAAAVQtfZmFjdF9jYWNoZXEfaAFjZmxhc2hjYXJkcy5tb2RlbHMuZmFjdHMKRmFjdApxIF1oA4dScSF9cSIoVQpjcmVhdGVkX2F0cSNoB1UKB9sBCgEaEw2KtIVScSRVB2RlY2tfaWRxJUsBVQtfZGVja19jYWNoZXEmaAFjZmxhc2hjYXJkcy5tb2RlbHMuZGVja3MKRGVjawpxJ11oA4dScSh9cSkoVQdwaWN0dXJlcSpYAAAAAFULZGVzY3JpcHRpb25xK1gAAAAAVQxfb3duZXJfY2FjaGVxLGgBY2RqYW5nby5jb250cmliLmF1dGgubW9kZWxzClVzZXIKcS1daAOHUnEufXEvKFUIdXNlcm5hbWVxMFgEAAAAYWxleHExVQpmaXJzdF9uYW1lcTJYAAAAAFUJbGFzdF9uYW1lcTNYAAAAAFUJaXNfYWN0aXZlcTSIaA9oECmBcTV9cTYoaBOJaBRoFXViVQVlbWFpbHE3WAcAAAB3QHcuY29tcThVDGlzX3N1cGVydXNlcnE5iFUXX3Jldmlld3N0YXRpc3RpY3NfY2FjaGVxOmgBY2ZsYXNoY2FyZHMubW9kZWxzLnJldmlld3MKUmV2aWV3U3RhdGlzdGljcwpxO11oA4dScTx9cT0oVQd1c2VyX2lkcT5LAVUUZmFpbGVkX3Jldmlld3NfdG9kYXlxP0sCVRVsYXN0X2ZhaWxlZF9yZXZpZXdfYXRxQGgHVQoH2wELBSsWBzo3hVJxQVURbmV3X3Jldmlld3NfdG9kYXlxQksBaA9oECmBcUN9cUQoaBOJaBRoFXViVQJpZHFFSwFVEmxhc3RfbmV3X3Jldmlld19hdHFGaAdVCgfbAQoHAxoC+OuFUnFHdWJVCGlzX3N0YWZmcUiIVQpsYXN0X2xvZ2lucUloB1UKB9sBBhY6HQmGU4VScUpVCHBhc3N3b3JkcUtYMwAAAHNoYTEkNDU5NDckNzA3ZGYzMGNiNDhjZjg2NTA3MzI3ZDNhM2Y4ZGZkODhiN2QyNzYwMXFMaEVLAVULZGF0ZV9qb2luZWRxTWgHVQoH2wEGBxoBAt8yhVJxTnViVQlzaGFyZWRfYXRxT2gHVQoH2wEHCjc1Cl3mhVJxUFULbW9kaWZpZWRfYXRxUWgHVQoH2wEHCjc1CmPWhVJxUmgjaAdVCgfbAQYNESwNPOGFUnFTaA9oECmBcVR9cVUoaBOJaBRoFXViVQRuYW1lcVZYCgAAAEZpcnN0IERlY2txV1UIcHJpb3JpdHlxWEsAaBiIVQZzaGFyZWRxWYhVFHN5bmNocm9uaXplZF93aXRoX2lkcVpOVRJ0ZXh0Ym9va19zb3VyY2VfaWRxW05oRUsBVQhvd25lcl9pZHFcSwF1YlUOcGFyZW50X2ZhY3RfaWRxXU5VBW5vdGVzcV5YAAAAAGhRaAdVCgfbAQoBGhMOIv6FUnFfaFhOVQxmYWN0X3R5cGVfaWRxYEsBaBiIVRBuZXdfZmFjdF9vcmRpbmFscWFKoCVQAGgPaBApgXFifXFjKGgTiWgUaBV1YmhFSwNoWk51YmhFSwZoWEsAVRBuZXdfY2FyZF9vcmRpbmFscWRK+tN7AFULdGVtcGxhdGVfaWRxZUsCVQVsZWVjaHFmiXViLg==", "card": 6}}, {"pk": 1, "model": "flashcards.card", "fields": {"last_reviewed_at": "2011-01-10 07:01:16", "last_failed_at": "2011-01-10 07:01:08", "interval": 3.1011237803397975, "review_count": 25, "template": 1, "due_at": "2011-01-15 00:34:32", "last_due_at": "2011-01-10 07:22:09", "ease_factor": 1.9000000000000001, "last_review_grade": 4, "priority": 0, "new_card_ordinal": 3514183, "fact": 1, "suspended": false, "active": true, "last_ease_factor": 1.9000000000000001, "last_interval": 0.016695778798482119, "leech": false}}, {"pk": 2, "model": "flashcards.card", "fields": {"last_reviewed_at": "2011-01-11 02:59:53", "last_failed_at": "2011-01-11 02:59:53", "interval": 0.017020353396526789, "review_count": 26, "template": 2, "due_at": "2011-01-11 03:23:25", "last_due_at": "2011-01-11 03:11:45", "ease_factor": 1.6500000000000001, "last_review_grade": 0, "priority": 0, "new_card_ordinal": 9667534, "fact": 1, "suspended": false, "active": true, "last_ease_factor": 1.6500000000000001, "last_interval": 0.016628136789361678, "leech": false}}, {"pk": 3, "model": "flashcards.card", "fields": {"last_reviewed_at": "2011-01-07 00:20:35", "last_failed_at": "2011-01-06 23:17:28", "interval": 0.38894922055235059, "review_count": 5, "template": 1, "due_at": "2011-01-11 06:33:03", "last_due_at": "2011-01-06 23:37:40", "ease_factor": 1.7500000000000002, "last_review_grade": 3, "priority": 0, "new_card_ordinal": 8655333, "fact": 2, "suspended": true, "active": true, "last_ease_factor": 1.7500000000000002, "last_interval": 0.016912685076615201, "leech": false}}, {"pk": 4, "model": "flashcards.card", "fields": {"last_reviewed_at": "2011-01-10 07:01:13", "last_failed_at": "2011-01-10 07:01:04", "interval": 4.9385590163033681, "review_count": 22, "template": 2, "due_at": "2011-01-14 15:17:12", "last_due_at": "2011-01-10 07:23:51", "ease_factor": 2.2000000000000002, "last_review_grade": 4, "priority": 0, "new_card_ordinal": 2985936, "fact": 2, "suspended": true, "active": false, "last_ease_factor": 2.2000000000000002, "last_interval": 0.015836171119307216, "leech": false}}, {"pk": 5, "model": "flashcards.card", "fields": {"last_reviewed_at": "2011-01-10 07:01:16", "last_failed_at": "2011-01-10 07:01:10", "interval": 3.2004036722805953, "review_count": 7, "template": 1, "due_at": "2011-01-15 05:52:43", "last_due_at": "2011-01-10 07:24:26", "ease_factor": 1.4750000000000001, "last_review_grade": 4, "priority": 0, "new_card_ordinal": 7318339, "fact": 3, "suspended": false, "active": true, "last_ease_factor": 1.4750000000000001, "last_interval": 0.015903432511108116, "leech": false}}, {"pk": 6, "model": "flashcards.card", "fields": {"last_reviewed_at": "2011-01-11 05:43:08", "last_failed_at": "2011-01-11 05:43:08", "interval": 0.016062839199869051, "review_count": 12, "template": 2, "due_at": "2011-01-11 06:03:32", "last_due_at": "2011-01-11 03:21:14", "ease_factor": 1.375, "last_review_grade": 0, "priority": 0, "new_card_ordinal": 8115194, "fact": 3, "suspended": false, "active": true, "last_ease_factor": 1.375, "last_interval": 0.014844748937434638, "leech": false}}, {"pk": 7, "model": "flashcards.card", "fields": {"last_reviewed_at": "2011-01-11 05:37:20", "last_failed_at": "2011-01-11 05:37:20", "interval": 0.01615062250191265, "review_count": 7, "template": 4, "due_at": "2011-01-11 06:01:53", "last_due_at": "2011-01-11 03:20:20", "ease_factor": 1.3, "last_review_grade": 0, "priority": 0, "new_card_ordinal": 8878054, "fact": 2, "suspended": false, "active": true, "last_ease_factor": 1.3, "last_interval": 0.014391981057561457, "leech": false}}, {"pk": 1, "model": "flashcards.cardhistory", "fields": {"reviewed_at": "2011-01-06 13:20:59", "interval": null, "was_new": false, "ease_factor": null, "response": 0, "card": 4}}, {"pk": 2, "model": "flashcards.cardhistory", "fields": {"reviewed_at": "2011-01-06 13:21:01", "interval": null, "was_new": false, "ease_factor": null, "response": 0, "card": 1}}, {"pk": 3, "model": "flashcards.cardhistory", "fields": {"reviewed_at": "2011-01-06 14:11:25", "interval": null, "was_new": false, "ease_factor": null, "response": 0, "card": 1}}, {"pk": 4, "model": "flashcards.cardhistory", "fields": {"reviewed_at": "2011-01-06 14:12:40", "interval": null, "was_new": false, "ease_factor": null, "response": 0, "card": 4}}, {"pk": 5, "model": "flashcards.cardhistory", "fields": {"reviewed_at": "2011-01-06 14:12:43", "interval": null, "was_new": false, "ease_factor": null, "response": 0, "card": 1}}, {"pk": 6, "model": "flashcards.cardhistory", "fields": {"reviewed_at": "2011-01-06 14:12:54", "interval": null, "was_new": false, "ease_factor": null, "response": 0, "card": 1}}, {"pk": 7, "model": "flashcards.cardhistory", "fields": {"reviewed_at": "2011-01-06 14:12:56", "interval": null, "was_new": false, "ease_factor": null, "response": 0, "card": 4}}, {"pk": 8, "model": "flashcards.cardhistory", "fields": {"reviewed_at": "2011-01-06 14:12:59", "interval": null, "was_new": false, "ease_factor": null, "response": 0, "card": 3}}, {"pk": 9, "model": "flashcards.cardhistory", "fields": {"reviewed_at": "2011-01-06 14:13:01", "interval": null, "was_new": false, "ease_factor": null, "response": 0, "card": 2}}, {"pk": 10, "model": "flashcards.cardhistory", "fields": {"reviewed_at": "2011-01-06 14:14:30", "interval": null, "was_new": false, "ease_factor": null, "response": 0, "card": 3}}, {"pk": 11, "model": "flashcards.cardhistory", "fields": {"reviewed_at": "2011-01-06 14:14:42", "interval": null, "was_new": false, "ease_factor": null, "response": 0, "card": 1}}, {"pk": 12, "model": "flashcards.cardhistory", "fields": {"reviewed_at": "2011-01-06 14:14:46", "interval": null, "was_new": false, "ease_factor": null, "response": 0, "card": 4}}, {"pk": 13, "model": "flashcards.cardhistory", "fields": {"reviewed_at": "2011-01-06 14:14:49", "interval": null, "was_new": false, "ease_factor": null, "response": 0, "card": 2}}, {"pk": 14, "model": "flashcards.cardhistory", "fields": {"reviewed_at": "2011-01-06 14:50:54", "interval": null, "was_new": false, "ease_factor": null, "response": 0, "card": 4}}, {"pk": 15, "model": "flashcards.cardhistory", "fields": {"reviewed_at": "2011-01-06 14:50:58", "interval": null, "was_new": false, "ease_factor": null, "response": 0, "card": 2}}, {"pk": 16, "model": "flashcards.cardhistory", "fields": {"reviewed_at": "2011-01-06 15:39:56", "interval": null, "was_new": false, "ease_factor": null, "response": 0, "card": 1}}, {"pk": 17, "model": "flashcards.cardhistory", "fields": {"reviewed_at": "2011-01-06 15:40:00", "interval": null, "was_new": false, "ease_factor": null, "response": 0, "card": 3}}, {"pk": 18, "model": "flashcards.cardhistory", "fields": {"reviewed_at": "2011-01-06 22:50:38", "interval": null, "was_new": false, "ease_factor": null, "response": 0, "card": 4}}, {"pk": 19, "model": "flashcards.cardhistory", "fields": {"reviewed_at": "2011-01-06 23:17:17", "interval": null, "was_new": false, "ease_factor": null, "response": 0, "card": 2}}, {"pk": 20, "model": "flashcards.cardhistory", "fields": {"reviewed_at": "2011-01-06 23:17:28", "interval": null, "was_new": false, "ease_factor": null, "response": 0, "card": 3}}, {"pk": 21, "model": "flashcards.cardhistory", "fields": {"reviewed_at": "2011-01-06 23:48:07", "interval": null, "was_new": false, "ease_factor": null, "response": 0, "card": 1}}, {"pk": 22, "model": "flashcards.cardhistory", "fields": {"reviewed_at": "2011-01-07 00:20:35", "interval": null, "was_new": false, "ease_factor": null, "response": 3, "card": 3}}, {"pk": 23, "model": "flashcards.cardhistory", "fields": {"reviewed_at": "2011-01-07 00:20:37", "interval": null, "was_new": false, "ease_factor": null, "response": 0, "card": 2}}, {"pk": 24, "model": "flashcards.cardhistory", "fields": {"reviewed_at": "2011-01-07 00:20:40", "interval": null, "was_new": false, "ease_factor": null, "response": 0, "card": 1}}, {"pk": 25, "model": "flashcards.cardhistory", "fields": {"reviewed_at": "2011-01-07 15:38:12", "interval": null, "was_new": false, "ease_factor": null, "response": 0, "card": 4}}, {"pk": 26, "model": "flashcards.cardhistory", "fields": {"reviewed_at": "2011-01-10 01:26:43", "interval": null, "was_new": false, "ease_factor": null, "response": 0, "card": 2}}, {"pk": 27, "model": "flashcards.cardhistory", "fields": {"reviewed_at": "2011-01-10 01:26:45", "interval": null, "was_new": false, "ease_factor": null, "response": 0, "card": 1}}, {"pk": 28, "model": "flashcards.cardhistory", "fields": {"reviewed_at": "2011-01-10 01:26:48", "interval": null, "was_new": false, "ease_factor": null, "response": 0, "card": 4}}, {"pk": 29, "model": "flashcards.cardhistory", "fields": {"reviewed_at": "2011-01-10 01:27:28", "interval": null, "was_new": false, "ease_factor": null, "response": 0, "card": 2}}, {"pk": 30, "model": "flashcards.cardhistory", "fields": {"reviewed_at": "2011-01-10 01:27:30", "interval": null, "was_new": false, "ease_factor": null, "response": 0, "card": 4}}, {"pk": 31, "model": "flashcards.cardhistory", "fields": {"reviewed_at": "2011-01-10 01:27:33", "interval": null, "was_new": false, "ease_factor": null, "response": 0, "card": 1}}, {"pk": 32, "model": "flashcards.cardhistory", "fields": {"reviewed_at": "2011-01-10 01:34:37", "interval": null, "was_new": false, "ease_factor": null, "response": 0, "card": 4}}, {"pk": 33, "model": "flashcards.cardhistory", "fields": {"reviewed_at": "2011-01-10 01:34:41", "interval": null, "was_new": false, "ease_factor": null, "response": 0, "card": 2}}, {"pk": 34, "model": "flashcards.cardhistory", "fields": {"reviewed_at": "2011-01-10 01:34:43", "interval": null, "was_new": false, "ease_factor": null, "response": 0, "card": 1}}, {"pk": 35, "model": "flashcards.cardhistory", "fields": {"reviewed_at": "2011-01-10 01:35:56", "interval": null, "was_new": false, "ease_factor": null, "response": 0, "card": 2}}, {"pk": 36, "model": "flashcards.cardhistory", "fields": {"reviewed_at": "2011-01-10 01:35:58", "interval": null, "was_new": false, "ease_factor": null, "response": 0, "card": 4}}, {"pk": 37, "model": "flashcards.cardhistory", "fields": {"reviewed_at": "2011-01-10 01:36:00", "interval": null, "was_new": false, "ease_factor": null, "response": 0, "card": 1}}, {"pk": 38, "model": "flashcards.cardhistory", "fields": {"reviewed_at": "2011-01-10 01:36:59", "interval": null, "was_new": false, "ease_factor": null, "response": 0, "card": 4}}, {"pk": 39, "model": "flashcards.cardhistory", "fields": {"reviewed_at": "2011-01-10 01:37:01", "interval": null, "was_new": false, "ease_factor": null, "response": 0, "card": 1}}, {"pk": 40, "model": "flashcards.cardhistory", "fields": {"reviewed_at": "2011-01-10 01:37:03", "interval": null, "was_new": false, "ease_factor": null, "response": 0, "card": 2}}, {"pk": 41, "model": "flashcards.cardhistory", "fields": {"reviewed_at": "2011-01-10 01:38:25", "interval": null, "was_new": false, "ease_factor": null, "response": 0, "card": 4}}, {"pk": 42, "model": "flashcards.cardhistory", "fields": {"reviewed_at": "2011-01-10 01:38:29", "interval": null, "was_new": false, "ease_factor": null, "response": 0, "card": 2}}, {"pk": 43, "model": "flashcards.cardhistory", "fields": {"reviewed_at": "2011-01-10 01:38:34", "interval": null, "was_new": false, "ease_factor": null, "response": 0, "card": 1}}, {"pk": 44, "model": "flashcards.cardhistory", "fields": {"reviewed_at": "2011-01-10 01:50:28", "interval": null, "was_new": false, "ease_factor": null, "response": 0, "card": 4}}, {"pk": 45, "model": "flashcards.cardhistory", "fields": {"reviewed_at": "2011-01-10 01:50:31", "interval": null, "was_new": false, "ease_factor": null, "response": 0, "card": 2}}, {"pk": 46, "model": "flashcards.cardhistory", "fields": {"reviewed_at": "2011-01-10 01:50:34", "interval": null, "was_new": false, "ease_factor": null, "response": 0, "card": 1}}, {"pk": 47, "model": "flashcards.cardhistory", "fields": {"reviewed_at": "2011-01-10 01:50:59", "interval": null, "was_new": false, "ease_factor": null, "response": 0, "card": 2}}, {"pk": 48, "model": "flashcards.cardhistory", "fields": {"reviewed_at": "2011-01-10 01:51:00", "interval": null, "was_new": false, "ease_factor": null, "response": 0, "card": 1}}, {"pk": 49, "model": "flashcards.cardhistory", "fields": {"reviewed_at": "2011-01-10 01:51:03", "interval": null, "was_new": false, "ease_factor": null, "response": 0, "card": 4}}, {"pk": 50, "model": "flashcards.cardhistory", "fields": {"reviewed_at": "2011-01-10 01:51:40", "interval": null, "was_new": false, "ease_factor": null, "response": 0, "card": 1}}, {"pk": 51, "model": "flashcards.cardhistory", "fields": {"reviewed_at": "2011-01-10 01:51:42", "interval": null, "was_new": false, "ease_factor": null, "response": 0, "card": 4}}, {"pk": 52, "model": "flashcards.cardhistory", "fields": {"reviewed_at": "2011-01-10 01:51:43", "interval": null, "was_new": false, "ease_factor": null, "response": 0, "card": 2}}, {"pk": 53, "model": "flashcards.cardhistory", "fields": {"reviewed_at": "2011-01-10 01:52:10", "interval": null, "was_new": false, "ease_factor": null, "response": 0, "card": 1}}, {"pk": 54, "model": "flashcards.cardhistory", "fields": {"reviewed_at": "2011-01-10 01:52:13", "interval": null, "was_new": false, "ease_factor": null, "response": 0, "card": 4}}, {"pk": 55, "model": "flashcards.cardhistory", "fields": {"reviewed_at": "2011-01-10 01:52:15", "interval": null, "was_new": false, "ease_factor": null, "response": 0, "card": 2}}, {"pk": 56, "model": "flashcards.cardhistory", "fields": {"reviewed_at": "2011-01-10 01:53:03", "interval": null, "was_new": false, "ease_factor": null, "response": 0, "card": 4}}, {"pk": 57, "model": "flashcards.cardhistory", "fields": {"reviewed_at": "2011-01-10 01:53:04", "interval": null, "was_new": false, "ease_factor": null, "response": 0, "card": 1}}, {"pk": 58, "model": "flashcards.cardhistory", "fields": {"reviewed_at": "2011-01-10 01:53:07", "interval": null, "was_new": false, "ease_factor": null, "response": 0, "card": 2}}, {"pk": 59, "model": "flashcards.cardhistory", "fields": {"reviewed_at": "2011-01-10 01:53:09", "interval": null, "was_new": false, "ease_factor": null, "response": 0, "card": 5}}, {"pk": 60, "model": "flashcards.cardhistory", "fields": {"reviewed_at": "2011-01-10 01:53:10", "interval": null, "was_new": false, "ease_factor": null, "response": 0, "card": 1}}, {"pk": 61, "model": "flashcards.cardhistory", "fields": {"reviewed_at": "2011-01-10 01:53:10", "interval": null, "was_new": false, "ease_factor": null, "response": 0, "card": 2}}, {"pk": 62, "model": "flashcards.cardhistory", "fields": {"reviewed_at": "2011-01-10 01:53:10", "interval": null, "was_new": false, "ease_factor": null, "response": 0, "card": 5}}, {"pk": 63, "model": "flashcards.cardhistory", "fields": {"reviewed_at": "2011-01-10 01:53:11", "interval": null, "was_new": false, "ease_factor": null, "response": 0, "card": 1}}, {"pk": 64, "model": "flashcards.cardhistory", "fields": {"reviewed_at": "2011-01-10 01:58:01", "interval": null, "was_new": false, "ease_factor": null, "response": 0, "card": 2}}, {"pk": 65, "model": "flashcards.cardhistory", "fields": {"reviewed_at": "2011-01-10 01:58:08", "interval": null, "was_new": false, "ease_factor": null, "response": 0, "card": 5}}, {"pk": 66, "model": "flashcards.cardhistory", "fields": {"reviewed_at": "2011-01-10 01:58:11", "interval": null, "was_new": false, "ease_factor": null, "response": 0, "card": 4}}, {"pk": 67, "model": "flashcards.cardhistory", "fields": {"reviewed_at": "2011-01-10 01:58:48", "interval": null, "was_new": false, "ease_factor": null, "response": 0, "card": 1}}, {"pk": 68, "model": "flashcards.cardhistory", "fields": {"reviewed_at": "2011-01-10 01:59:01", "interval": null, "was_new": false, "ease_factor": null, "response": 0, "card": 6}}, {"pk": 69, "model": "flashcards.cardhistory", "fields": {"reviewed_at": "2011-01-10 01:59:03", "interval": null, "was_new": false, "ease_factor": null, "response": 0, "card": 5}}, {"pk": 70, "model": "flashcards.cardhistory", "fields": {"reviewed_at": "2011-01-10 02:07:24", "interval": null, "was_new": false, "ease_factor": null, "response": 0, "card": 4}}, {"pk": 71, "model": "flashcards.cardhistory", "fields": {"reviewed_at": "2011-01-10 07:00:54", "interval": null, "was_new": false, "ease_factor": null, "response": 0, "card": 6}}, {"pk": 72, "model": "flashcards.cardhistory", "fields": {"reviewed_at": "2011-01-10 07:00:58", "interval": null, "was_new": false, "ease_factor": null, "response": 0, "card": 2}}, {"pk": 73, "model": "flashcards.cardhistory", "fields": {"reviewed_at": "2011-01-10 07:01:00", "interval": null, "was_new": false, "ease_factor": null, "response": 0, "card": 1}}, {"pk": 74, "model": "flashcards.cardhistory", "fields": {"reviewed_at": "2011-01-10 07:01:02", "interval": null, "was_new": false, "ease_factor": null, "response": 0, "card": 5}}, {"pk": 75, "model": "flashcards.cardhistory", "fields": {"reviewed_at": "2011-01-10 07:01:04", "interval": null, "was_new": false, "ease_factor": null, "response": 0, "card": 4}}, {"pk": 76, "model": "flashcards.cardhistory", "fields": {"reviewed_at": "2011-01-10 07:01:06", "interval": null, "was_new": false, "ease_factor": null, "response": 0, "card": 2}}, {"pk": 77, "model": "flashcards.cardhistory", "fields": {"reviewed_at": "2011-01-10 07:01:08", "interval": null, "was_new": false, "ease_factor": null, "response": 0, "card": 1}}, {"pk": 78, "model": "flashcards.cardhistory", "fields": {"reviewed_at": "2011-01-10 07:01:10", "interval": null, "was_new": false, "ease_factor": null, "response": 0, "card": 5}}, {"pk": 79, "model": "flashcards.cardhistory", "fields": {"reviewed_at": "2011-01-10 07:01:13", "interval": null, "was_new": false, "ease_factor": null, "response": 4, "card": 4}}, {"pk": 80, "model": "flashcards.cardhistory", "fields": {"reviewed_at": "2011-01-10 07:01:14", "interval": null, "was_new": false, "ease_factor": null, "response": 4, "card": 2}}, {"pk": 81, "model": "flashcards.cardhistory", "fields": {"reviewed_at": "2011-01-10 07:01:16", "interval": null, "was_new": false, "ease_factor": null, "response": 4, "card": 1}}, {"pk": 82, "model": "flashcards.cardhistory", "fields": {"reviewed_at": "2011-01-10 07:01:16", "interval": null, "was_new": false, "ease_factor": null, "response": 4, "card": 5}}, {"pk": 83, "model": "flashcards.cardhistory", "fields": {"reviewed_at": "2011-01-10 07:01:21", "interval": null, "was_new": false, "ease_factor": null, "response": 4, "card": 6}}, {"pk": 84, "model": "flashcards.cardhistory", "fields": {"reviewed_at": "2011-01-10 07:03:26", "interval": null, "was_new": false, "ease_factor": null, "response": 0, "card": 7}}, {"pk": 85, "model": "flashcards.cardhistory", "fields": {"reviewed_at": "2011-01-11 00:01:50", "interval": null, "was_new": false, "ease_factor": null, "response": 0, "card": 7}}, {"pk": 86, "model": "flashcards.cardhistory", "fields": {"reviewed_at": "2011-01-11 00:02:46", "interval": null, "was_new": false, "ease_factor": null, "response": 0, "card": 2}}, {"pk": 87, "model": "flashcards.cardhistory", "fields": {"reviewed_at": "2011-01-11 00:02:51", "interval": null, "was_new": false, "ease_factor": null, "response": 0, "card": 6}}, {"pk": 88, "model": "flashcards.cardhistory", "fields": {"reviewed_at": "2011-01-11 01:03:36", "interval": null, "was_new": false, "ease_factor": null, "response": 0, "card": 2}}, {"pk": 89, "model": "flashcards.cardhistory", "fields": {"reviewed_at": "2011-01-11 02:06:13", "interval": null, "was_new": false, "ease_factor": null, "response": 0, "card": 6}}, {"pk": 90, "model": "flashcards.cardhistory", "fields": {"reviewed_at": "2011-01-11 02:31:00", "interval": null, "was_new": false, "ease_factor": null, "response": 0, "card": 7}}, {"pk": 91, "model": "flashcards.cardhistory", "fields": {"reviewed_at": "2011-01-11 02:31:05", "interval": null, "was_new": false, "ease_factor": null, "response": 0, "card": 2}}, {"pk": 92, "model": "flashcards.cardhistory", "fields": {"reviewed_at": "2011-01-11 02:31:54", "interval": null, "was_new": false, "ease_factor": null, "response": 0, "card": 6}}, {"pk": 93, "model": "flashcards.cardhistory", "fields": {"reviewed_at": "2011-01-11 02:33:34", "interval": null, "was_new": false, "ease_factor": null, "response": 0, "card": 7}}, {"pk": 94, "model": "flashcards.cardhistory", "fields": {"reviewed_at": "2011-01-11 02:47:30", "interval": null, "was_new": false, "ease_factor": null, "response": 0, "card": 2}}, {"pk": 95, "model": "flashcards.cardhistory", "fields": {"reviewed_at": "2011-01-11 02:47:31", "interval": null, "was_new": false, "ease_factor": null, "response": 0, "card": 6}}, {"pk": 96, "model": "flashcards.cardhistory", "fields": {"reviewed_at": "2011-01-11 02:48:15", "interval": null, "was_new": false, "ease_factor": null, "response": 0, "card": 7}}, {"pk": 97, "model": "flashcards.cardhistory", "fields": {"reviewed_at": "2011-01-11 02:49:28", "interval": null, "was_new": false, "ease_factor": null, "response": 0, "card": 6}}, {"pk": 98, "model": "flashcards.cardhistory", "fields": {"reviewed_at": "2011-01-11 02:52:57", "interval": null, "was_new": false, "ease_factor": null, "response": 0, "card": 6}}, {"pk": 99, "model": "flashcards.cardhistory", "fields": {"reviewed_at": "2011-01-11 02:59:53", "interval": null, "was_new": false, "ease_factor": null, "response": 0, "card": 2}}, {"pk": 100, "model": "flashcards.cardhistory", "fields": {"reviewed_at": "2011-01-11 02:59:56", "interval": null, "was_new": false, "ease_factor": null, "response": 0, "card": 7}}, {"pk": 101, "model": "flashcards.cardhistory", "fields": {"reviewed_at": "2011-01-11 03:00:00", "interval": null, "was_new": false, "ease_factor": null, "response": 0, "card": 6}}, {"pk": 102, "model": "flashcards.cardhistory", "fields": {"reviewed_at": "2011-01-11 05:37:20", "interval": 0.01615062250191265, "was_new": false, "ease_factor": 1.3, "response": 0, "card": 7}}, {"pk": 103, "model": "flashcards.cardhistory", "fields": {"reviewed_at": "2011-01-11 05:43:08", "interval": 0.016062839199869051, "was_new": false, "ease_factor": 1.375, "response": 0, "card": 6}}, {"pk": 1, "model": "flashcards.deck", "fields": {"picture": "", "name": "First Deck", "shared_at": "2011-01-07 10:55:53", "textbook_source": null, "created_at": "2011-01-06 13:17:44", "modified_at": "2011-01-07 10:55:53", "priority": 0, "synchronized_with": null, "owner": 1, "shared": true, "active": true, "description": ""}}, {"pk": 1, "model": "flashcards.schedulingoptions", "fields": {"medium_interval_min": 3.0, "unknown_interval_min": 0.013888888888888888, "easy_interval_max": 9.0, "deck": 1, "hard_interval_min": 0.33300000000000002, "easy_interval_min": 7.0, "hard_interval_max": 0.5, "mature_unknown_interval_max": 0.33300000000000002, "medium_interval_max": 5.0, "unknown_interval_max": 0.017361111111111112, "mature_unknown_interval_min": 0.33300000000000002}}, {"pk": 1, "model": "flashcards.fieldtype", "fields": {"disabled_in_form": false, "numeric": false, "grid_column_width": "", "blank": false, "help_text": "", "accepts_media": false, "display_name": "Meaning", "character_restriction": null, "hidden_in_form": false, "multi_line": true, "ordinal": 1, "hidden_in_grid": false, "editable": true, "fact_type": 1, "media_restriction": null, "transliteration_field_type": null, "active": true, "unique": true, "name": "meaning", "language": null, "created_at": "2011-01-06 07:25:47", "modified_at": "2011-01-06 07:44:00", "choices": ""}}, {"pk": 2, "model": "flashcards.fieldtype", "fields": {"disabled_in_form": false, "numeric": false, "grid_column_width": "", "blank": true, "help_text": "", "accepts_media": false, "display_name": "Reading", "character_restriction": null, "hidden_in_form": false, "multi_line": true, "ordinal": 2, "hidden_in_grid": false, "editable": true, "fact_type": 1, "media_restriction": null, "transliteration_field_type": null, "active": true, "unique": false, "name": "reading", "language": null, "created_at": "2011-01-06 07:25:47", "modified_at": "2011-01-06 07:44:07", "choices": ""}}, {"pk": 3, "model": "flashcards.fieldtype", "fields": {"disabled_in_form": false, "numeric": false, "grid_column_width": "", "blank": false, "help_text": "", "accepts_media": false, "display_name": "Expression", "character_restriction": null, "hidden_in_form": false, "multi_line": true, "ordinal": 0, "hidden_in_grid": false, "editable": true, "fact_type": 1, "media_restriction": null, "transliteration_field_type": 2, "active": true, "unique": true, "name": "expression", "language": null, "created_at": "2011-01-06 07:25:47", "modified_at": "2011-01-06 07:43:51", "choices": ""}}, {"pk": 4, "model": "flashcards.fieldtype", "fields": {"disabled_in_form": true, "numeric": false, "grid_column_width": "7.4em", "blank": true, "help_text": "", "accepts_media": false, "display_name": "Part of Speech", "character_restriction": null, "hidden_in_form": true, "multi_line": true, "ordinal": 4, "hidden_in_grid": true, "editable": true, "fact_type": 1, "media_restriction": null, "transliteration_field_type": null, "active": true, "unique": false, "name": "part_of_speech", "language": null, "created_at": "2011-01-06 07:25:47", "modified_at": "2011-01-06 07:44:16", "choices": "((S'n'\np0\nS'Noun'\np1\ntp2\n(S'v'\np3\nS'Verb'\np4\ntp5\n(S'adj'\np6\nS'Adjective'\np7\ntp8\n(S'adv'\np9\nS'Adverb'\np10\ntp11\n(S'prep'\np12\nS'Preposition'\np13\ntp14\n(S'pn'\np15\nS'Pronoun'\np16\ntp17\n(S'prpn'\np18\nS'Proper Noun'\np19\ntp20\n(S'phr'\np21\nS'Phrase'\np22\ntp23\n(S'abbr'\np24\nS'Abbreviation'\np25\ntp26\n(S'conj'\np27\nS'Conjunction'\np28\ntp29\n(S'intr'\np30\nS'Interrogative'\np31\ntp32\n(S'auxv'\np33\nS'Auxilliary Verb'\np34\ntp35\n(S'prt'\np36\nS'Particle'\np37\ntp38\n(S'expr'\np39\nS'Expression'\np40\ntp41\n(S'kana'\np42\nS'Kana'\np43\ntp44\n(S'phrv'\np45\nS'Phrasal Verb'\np46\ntp47\n(S'int'\np48\nS'Interjection'\np49\ntp50\n(S'vn'\np51\nS'Verbal Noun'\np52\ntp53\n(S'advn'\np54\nS'Adverbial Noun'\np55\ntp56\n(S'adjn'\np57\nS'Adjectival Noun'\np58\ntp59\n(S'pref'\np60\nS'Prefix'\np61\ntp62\n(S'suff'\np63\nS'Suffix'\np64\ntp65\n(S'det'\np66\nS'Determiner'\np67\ntp68\n(S'idio'\np69\nS'Idiomatic Expression'\np70\ntp71\n(S'num'\np72\nS'Numeric'\np73\ntp74\n(S'cnt'\np75\nS'Counter'\np76\ntp77\ntp78\n."}}, {"pk": 5, "model": "flashcards.fieldtype", "fields": {"disabled_in_form": false, "numeric": false, "grid_column_width": "", "blank": true, "help_text": "", "accepts_media": false, "display_name": "Notes", "character_restriction": null, "hidden_in_form": true, "multi_line": true, "ordinal": 5, "hidden_in_grid": true, "editable": true, "fact_type": 1, "media_restriction": null, "transliteration_field_type": null, "active": true, "unique": false, "name": "notes", "language": null, "created_at": "2011-01-06 07:25:47", "modified_at": "2011-01-06 07:44:29", "choices": ""}}, {"pk": 6, "model": "flashcards.fieldtype", "fields": {"disabled_in_form": false, "numeric": false, "grid_column_width": "", "blank": false, "help_text": "", "accepts_media": false, "display_name": "Meaning", "character_restriction": null, "hidden_in_form": false, "multi_line": true, "ordinal": 1, "hidden_in_grid": false, "editable": true, "fact_type": 2, "media_restriction": null, "transliteration_field_type": null, "active": true, "unique": true, "name": "meaning", "language": null, "created_at": "2011-01-06 07:25:47", "modified_at": "2011-01-06 07:44:36", "choices": ""}}, {"pk": 7, "model": "flashcards.fieldtype", "fields": {"disabled_in_form": false, "numeric": false, "grid_column_width": "", "blank": true, "help_text": "", "accepts_media": false, "display_name": "Reading", "character_restriction": null, "hidden_in_form": false, "multi_line": true, "ordinal": 2, "hidden_in_grid": false, "editable": true, "fact_type": 2, "media_restriction": null, "transliteration_field_type": null, "active": true, "unique": false, "name": "reading", "language": null, "created_at": "2011-01-06 07:25:47", "modified_at": "2011-01-06 07:44:44", "choices": ""}}, {"pk": 8, "model": "flashcards.fieldtype", "fields": {"disabled_in_form": false, "numeric": false, "grid_column_width": "", "blank": false, "help_text": "", "accepts_media": false, "display_name": "Expression", "character_restriction": null, "hidden_in_form": false, "multi_line": true, "ordinal": 0, "hidden_in_grid": false, "editable": true, "fact_type": 2, "media_restriction": null, "transliteration_field_type": 7, "active": true, "unique": true, "name": "expression", "language": null, "created_at": "2011-01-06 07:25:47", "modified_at": "2011-01-06 07:44:51", "choices": ""}}, {"pk": 1, "model": "flashcards.fieldcontent", "fields": {"field_type": 3, "cached_transliteration_without_markup": "", "content": "\u98df\u3079\u308b", "media_file": "", "media_uri": "", "fact": 1}}, {"pk": 2, "model": "flashcards.fieldcontent", "fields": {"field_type": 1, "cached_transliteration_without_markup": "", "content": "to eat", "media_file": "", "media_uri": "", "fact": 1}}, {"pk": 3, "model": "flashcards.fieldcontent", "fields": {"field_type": 2, "cached_transliteration_without_markup": "\u305f\u3079\u308b ", "content": "\u98df[\u305f]\u3079\u308b ", "media_file": "", "media_uri": "", "fact": 1}}, {"pk": 4, "model": "flashcards.fieldcontent", "fields": {"field_type": 5, "cached_transliteration_without_markup": "", "content": "", "media_file": "", "media_uri": "", "fact": 1}}, {"pk": 5, "model": "flashcards.fieldcontent", "fields": {"field_type": 3, "cached_transliteration_without_markup": "", "content": "\u98f2\u3080", "media_file": "", "media_uri": "", "fact": 2}}, {"pk": 6, "model": "flashcards.fieldcontent", "fields": {"field_type": 1, "cached_transliteration_without_markup": "", "content": "to drink", "media_file": "", "media_uri": "", "fact": 2}}, {"pk": 7, "model": "flashcards.fieldcontent", "fields": {"field_type": 2, "cached_transliteration_without_markup": "\u306e\u3080", "content": "\u98f2[\u306e]\u3080", "media_file": "", "media_uri": "", "fact": 2}}, {"pk": 8, "model": "flashcards.fieldcontent", "fields": {"field_type": 5, "cached_transliteration_without_markup": "", "content": "", "media_file": "", "media_uri": "", "fact": 2}}, {"pk": 9, "model": "flashcards.fieldcontent", "fields": {"field_type": 3, "cached_transliteration_without_markup": "", "content": "crap", "media_file": "", "media_uri": "", "fact": 3}}, {"pk": 10, "model": "flashcards.fieldcontent", "fields": {"field_type": 1, "cached_transliteration_without_markup": "", "content": "crap", "media_file": "", "media_uri": "", "fact": 3}}, {"pk": 11, "model": "flashcards.fieldcontent", "fields": {"field_type": 2, "cached_transliteration_without_markup": "", "content": "", "media_file": "", "media_uri": "", "fact": 3}}, {"pk": 12, "model": "flashcards.fieldcontent", "fields": {"field_type": 5, "cached_transliteration_without_markup": "", "content": "", "media_file": "", "media_uri": "", "fact": 3}}, {"pk": 1, "model": "flashcards.facttype", "fields": {"space_factor": 0.10000000000000001, "name": "Japanese", "min_card_space": 0.0069444444444444441, "modified_at": "2011-01-06 07:25:47", "created_at": "2011-01-06 07:25:47", "many_children_per_fact": null, "parent_fact_type": null, "active": true}}, {"pk": 2, "model": "flashcards.facttype", "fields": {"space_factor": 0.10000000000000001, "name": "Example Sentence", "min_card_space": 0.0069444444444444441, "modified_at": "2011-01-06 07:25:47", "created_at": "2011-01-06 07:25:47", "many_children_per_fact": true, "parent_fact_type": 1, "active": true}}, {"pk": 1, "model": "flashcards.fact", "fields": {"fact_type": 1, "parent_fact": null, "deck": 1, "notes": "", "modified_at": "2011-01-06 13:18:05", "priority": null, "active": true, "synchronized_with": null, "new_fact_ordinal": 4916393, "created_at": "2011-01-06 13:18:05"}}, {"pk": 2, "model": "flashcards.fact", "fields": {"fact_type": 1, "parent_fact": null, "deck": 1, "notes": "", "modified_at": "2011-01-06 13:18:15", "priority": null, "active": true, "synchronized_with": null, "new_fact_ordinal": 6209850, "created_at": "2011-01-06 13:18:15"}}, {"pk": 3, "model": "flashcards.fact", "fields": {"fact_type": 1, "parent_fact": null, "deck": 1, "notes": "", "modified_at": "2011-01-10 01:26:19", "priority": null, "active": true, "synchronized_with": null, "new_fact_ordinal": 5252512, "created_at": "2011-01-10 01:26:19"}}, {"pk": 1, "model": "flashcards.reviewstatistics", "fields": {"last_failed_review_at": "2011-01-11 05:43:22", "new_reviews_today": 1, "last_new_review_at": "2011-01-10 07:03:26", "user": 1, "failed_reviews_today": 2}}]