[{"pk": 20, "model": "contenttypes.contenttype", "fields": {"model": "account", "name": "account", "app_label": "account"}}, {"pk": 19, "model": "contenttypes.contenttype", "fields": {"model": "announcement", "name": "announcement", "app_label": "announcements"}}, {"pk": 31, "model": "contenttypes.contenttype", "fields": {"model": "card", "name": "card", "app_label": "flashcards"}}, {"pk": 33, "model": "contenttypes.contenttype", "fields": {"model": "cardhistory", "name": "card history", "app_label": "flashcards"}}, {"pk": 32, "model": "contenttypes.contenttype", "fields": {"model": "cardstatistics", "name": "card statistics", "app_label": "flashcards"}}, {"pk": 29, "model": "contenttypes.contenttype", "fields": {"model": "cardtemplate", "name": "card template", "app_label": "flashcards"}}, {"pk": 6, "model": "contenttypes.contenttype", "fields": {"model": "contenttype", "name": "content type", "app_label": "contenttypes"}}, {"pk": 35, "model": "contenttypes.contenttype", "fields": {"model": "deck", "name": "deck", "app_label": "flashcards"}}, {"pk": 17, "model": "contenttypes.contenttype", "fields": {"model": "dontsendentry", "name": "don't send entry", "app_label": "mailer"}}, {"pk": 14, "model": "contenttypes.contenttype", "fields": {"model": "emailaddress", "name": "e-mail address", "app_label": "emailconfirmation"}}, {"pk": 15, "model": "contenttypes.contenttype", "fields": {"model": "emailconfirmation", "name": "e-mail confirmation", "app_label": "emailconfirmation"}}, {"pk": 27, "model": "contenttypes.contenttype", "fields": {"model": "error", "name": "error", "app_label": "djangodblog"}}, {"pk": 26, "model": "contenttypes.contenttype", "fields": {"model": "errorbatch", "name": "error batch", "app_label": "djangodblog"}}, {"pk": 40, "model": "contenttypes.contenttype", "fields": {"model": "fact", "name": "fact", "app_label": "flashcards"}}, {"pk": 39, "model": "contenttypes.contenttype", "fields": {"model": "facttype", "name": "fact type", "app_label": "flashcards"}}, {"pk": 38, "model": "contenttypes.contenttype", "fields": {"model": "fieldcontent", "name": "field content", "app_label": "flashcards"}}, {"pk": 37, "model": "contenttypes.contenttype", "fields": {"model": "fieldtype", "name": "field type", "app_label": "flashcards"}}, {"pk": 3, "model": "contenttypes.contenttype", "fields": {"model": "group", "name": "group", "app_label": "auth"}}, {"pk": 1, "model": "contenttypes.contenttype", "fields": {"model": "logentry", "name": "log entry", "app_label": "admin"}}, {"pk": 5, "model": "contenttypes.contenttype", "fields": {"model": "message", "name": "message", "app_label": "auth"}}, {"pk": 16, "model": "contenttypes.contenttype", "fields": {"model": "message", "name": "message", "app_label": "mailer"}}, {"pk": 18, "model": "contenttypes.contenttype", "fields": {"model": "messagelog", "name": "message log", "app_label": "mailer"}}, {"pk": 28, "model": "contenttypes.contenttype", "fields": {"model": "migrationhistory", "name": "migration history", "app_label": "south"}}, {"pk": 11, "model": "contenttypes.contenttype", "fields": {"model": "notice", "name": "notice", "app_label": "notification"}}, {"pk": 12, "model": "contenttypes.contenttype", "fields": {"model": "noticequeuebatch", "name": "notice queue batch", "app_label": "notification"}}, {"pk": 10, "model": "contenttypes.contenttype", "fields": {"model": "noticesetting", "name": "notice setting", "app_label": "notification"}}, {"pk": 9, "model": "contenttypes.contenttype", "fields": {"model": "noticetype", "name": "notice type", "app_label": "notification"}}, {"pk": 13, "model": "contenttypes.contenttype", "fields": {"model": "observeditem", "name": "observed item", "app_label": "notification"}}, {"pk": 21, "model": "contenttypes.contenttype", "fields": {"model": "otherserviceinfo", "name": "other service info", "app_label": "account"}}, {"pk": 22, "model": "contenttypes.contenttype", "fields": {"model": "passwordreset", "name": "password reset", "app_label": "account"}}, {"pk": 2, "model": "contenttypes.contenttype", "fields": {"model": "permission", "name": "permission", "app_label": "auth"}}, {"pk": 41, "model": "contenttypes.contenttype", "fields": {"model": "reviewstatistics", "name": "review statistics", "app_label": "flashcards"}}, {"pk": 36, "model": "contenttypes.contenttype", "fields": {"model": "schedulingoptions", "name": "scheduling options", "app_label": "flashcards"}}, {"pk": 7, "model": "contenttypes.contenttype", "fields": {"model": "session", "name": "session", "app_label": "sessions"}}, {"pk": 23, "model": "contenttypes.contenttype", "fields": {"model": "signupcode", "name": "signup code", "app_label": "signup_codes"}}, {"pk": 24, "model": "contenttypes.contenttype", "fields": {"model": "signupcoderesult", "name": "signup code result", "app_label": "signup_codes"}}, {"pk": 8, "model": "contenttypes.contenttype", "fields": {"model": "site", "name": "site", "app_label": "sites"}}, {"pk": 42, "model": "contenttypes.contenttype", "fields": {"model": "subfact", "name": "sub fact", "app_label": "flashcards"}}, {"pk": 43, "model": "contenttypes.contenttype", "fields": {"model": "tag", "name": "tag", "app_label": "usertagging"}}, {"pk": 44, "model": "contenttypes.contenttype", "fields": {"model": "usertaggeditem", "name": "tagged item", "app_label": "usertagging"}}, {"pk": 25, "model": "contenttypes.contenttype", "fields": {"model": "template", "name": "template", "app_label": "dbtemplates"}}, {"pk": 34, "model": "contenttypes.contenttype", "fields": {"model": "textbook", "name": "textbook", "app_label": "flashcards"}}, {"pk": 30, "model": "contenttypes.contenttype", "fields": {"model": "undocardreview", "name": "undo card review", "app_label": "flashcards"}}, {"pk": 4, "model": "contenttypes.contenttype", "fields": {"model": "user", "name": "user", "app_label": "auth"}}, {"pk": "3919e38890853699d820dd5464e83dc5", "model": "sessions.session", "fields": {"expire_date": "2011-01-20 07:26:14", "session_data": "gAJ9cQEoVRJfYXV0aF91c2VyX2JhY2tlbmRxAlU2cGluYXguYXBwcy5hY2NvdW50LmF1dGhfYmFj\na2VuZHMuQXV0aGVudGljYXRpb25CYWNrZW5kcQNVDV9hdXRoX3VzZXJfaWRxBEsBdS45NmQ5N2Rj\nNGNlMmFjZGMzYWIxNGVkOTY3ZGMwZjY2Yw==\n"}}, {"pk": "11224ed00524ae12475ec6006817049d", "model": "sessions.session", "fields": {"expire_date": "2011-01-20 09:50:53", "session_data": "gAJ9cQEoVQ9fc2Vzc2lvbl9leHBpcnlxAksAVRJfYXV0aF91c2VyX2JhY2tlbmRxA1U2cGluYXgu\nYXBwcy5hY2NvdW50LmF1dGhfYmFja2VuZHMuQXV0aGVudGljYXRpb25CYWNrZW5kcQRVDV9hdXRo\nX3VzZXJfaWRxBUsBdS4xZjUzNmE2Mjc4MjgxNzgzYTM0MDg2MGI5Y2EwNDA5MA==\n"}}, {"pk": "d557705963255f319752bb516e0477ee", "model": "sessions.session", "fields": {"expire_date": "2011-01-20 22:58:30", "session_data": "gAJ9cQEoVQ9fc2Vzc2lvbl9leHBpcnlxAksAVQp0ZXN0Y29va2llcQNVBndvcmtlZHEEVRJfYXV0\naF91c2VyX2JhY2tlbmRxBVU2cGluYXguYXBwcy5hY2NvdW50LmF1dGhfYmFja2VuZHMuQXV0aGVu\ndGljYXRpb25CYWNrZW5kcQZVDV9hdXRoX3VzZXJfaWRxB0sBdS45M2FjYzM3YzBjYzk4MmRiZjQ2\nNDhhZTIxNmE3ZTliNQ==\n"}}, {"pk": 1, "model": "sites.site", "fields": {"domain": "example.com", "name": "example.com"}}, {"pk": 1, "model": "notification.noticetype", "fields": {"default": 2, "description": "you have received an announcement", "display": "Announcement", "label": "announcement"}}, {"pk": 1, "model": "emailconfirmation.emailaddress", "fields": {"verified": true, "user": 1, "primary": true, "email": "w@w.com"}}, {"pk": 1, "model": "account.account", "fields": {"timezone": "UTC", "user": 1, "language": "en"}}, {"pk": 2, "model": "dbtemplates.template", "fields": {"content": "{% load japanese %}\r\n{% load jdic_tags %}\r\n\r\n\r\n{% if not fields.expression.has_identical_transliteration_field %}\r\n<span class=\"expression\">{{ fields.expression.content|linebreaksbr }}</span>\r\n{% endif %}\r\n<span class=\"reading\">{% furiganaize  %}{{ fields.reading.content|linebreaksbr }}{% endfuriganaize %}</span>\r\n\r\n\r\n{% jdic_audio_player fields.expression.content fields.reading.strip_ruby_bottom %}\r\n", "sites": [1], "last_changed": "2011-01-06 22:36:27", "name": "flashcards/shared/1/1_back.html", "creation_date": "2011-01-06 07:25:47"}}, {"pk": 1, "model": "dbtemplates.template", "fields": {"content": "{% load japanese %}\r\n\r\n\r\n<span class=\"meaning\">{{ fields.meaning.content|linebreaksbr }}</span>\r\n", "sites": [1], "last_changed": "2011-01-06 22:36:18", "name": "flashcards/shared/1/1_front.html", "creation_date": "2011-01-06 07:25:47"}}, {"pk": 4, "model": "dbtemplates.template", "fields": {"content": "{% load japanese %}\r\n\r\n\r\n<span class=\"meaning\">{{ fields.meaning.content|linebreaksbr }}</span>\r\n", "sites": [1], "last_changed": "2011-01-06 22:35:53", "name": "flashcards/shared/1/2_back.html", "creation_date": "2011-01-06 07:25:47"}}, {"pk": 3, "model": "dbtemplates.template", "fields": {"content": "{% load japanese %}\r\n{% load jdic_tags %}\r\n\r\n\r\n\r\n{% if not fields.expression.has_identical_transliteration_field %}\r\n<span class=\"expression\">{{ fields.expression.content|linebreaksbr }}</span>{% endif %}\r\n<span class=\"reading\">{% furiganaize  %}{{ fields.reading.content|linebreaksbr }}{% endfuriganaize %}</span>\r\n\r\n\r\n{% jdic_audio_player fields.expression.content fields.reading.strip_ruby_bottom %}\r\n", "sites": [1], "last_changed": "2011-01-06 22:35:44", "name": "flashcards/shared/1/2_front.html", "creation_date": "2011-01-06 07:25:47"}}, {"pk": 6, "model": "dbtemplates.template", "fields": {"content": "{% load japanese %}\r\n{% load jdic_tags %}\r\n\r\n<span class=\"reading\">{% furiganaize  %}{{ fields.reading.content|linebreaksbr }}{% endfuriganaize %}</span>\r\n\r\n\r\n{% jdic_audio_player fields.expression.content fields.reading.strip_ruby_bottom %}\r\n", "sites": [1], "last_changed": "2011-01-06 22:35:35", "name": "flashcards/shared/1/3_back.html", "creation_date": "2011-01-06 07:25:47"}}, {"pk": 5, "model": "dbtemplates.template", "fields": {"content": "{% load japanese %}\r\n\r\n\r\n<span class=\"expression\">{{ fields.expression.content|linebreaksbr }}</span>\r\n<span class=\"meaning\">{{ fields.meaning.content|linebreaksbr }}</span>\r\n\r\n", "sites": [1], "last_changed": "2011-01-10 07:04:36", "name": "flashcards/shared/1/3_front.html", "creation_date": "2011-01-06 07:25:47"}}, {"pk": 8, "model": "dbtemplates.template", "fields": {"content": "{% load japanese %}\r\n{% load kanji_tags %}\r\n\r\n<span class=\"expression\">{{ fields.expression.content|linebreaksbr }}</span>\r\n\r\n{% for kanji in fields.expression.kanji_list %}\r\n    {% kanji_stroke_diagram kanji %}\r\n{% endfor %}", "sites": [1], "last_changed": "2011-01-10 06:57:29", "name": "flashcards/shared/1/4_back.html", "creation_date": "2011-01-06 07:25:47"}}, {"pk": 7, "model": "dbtemplates.template", "fields": {"content": "{% load japanese %}\r\n{% load jdic_tags %}\r\n\r\n<span class=\"reading\">{{ fields.reading.strip_ruby_bottom }}</span>\r\n<span class=\"meaning\">{{ fields.meaning.content|linebreaksbr }}</span>\r\n\r\n\r\n{% jdic_audio_player fields.expression.content fields.reading.strip_ruby_bottom %}", "sites": [1], "last_changed": "2011-01-10 07:04:52", "name": "flashcards/shared/1/4_front.html", "creation_date": "2011-01-06 07:25:47"}}, {"pk": 1, "model": "south.migrationhistory", "fields": {"applied": "2011-01-06 07:24:25", "app_name": "flashcards", "migration": "0001_initial"}}, {"pk": 2, "model": "south.migrationhistory", "fields": {"applied": "2011-01-06 07:24:25", "app_name": "flashcards", "migration": "0002_auto__add_field_deck_shared_at__add_field_deck_synchronized_with__add_"}}, {"pk": 3, "model": "south.migrationhistory", "fields": {"applied": "2011-01-06 07:24:26", "app_name": "flashcards", "migration": "0003_make_facts_active"}}, {"pk": 4, "model": "south.migrationhistory", "fields": {"applied": "2011-01-06 07:24:26", "app_name": "flashcards", "migration": "0004_auto__del_sharedfact__del_sharedfieldcontent__del_sharedcard__del_uniq"}}, {"pk": 6, "model": "south.migrationhistory", "fields": {"applied": "2011-01-06 07:24:26", "app_name": "usertagging", "migration": "0001_initial"}}, {"pk": 7, "model": "south.migrationhistory", "fields": {"applied": "2011-01-06 07:39:35", "app_name": "flashcards", "migration": "0005_add_field_display_names"}}, {"pk": 8, "model": "south.migrationhistory", "fields": {"applied": "2011-01-06 07:39:39", "app_name": "flashcards", "migration": "0006_add_unique_constraint_to_field_names"}}, {"pk": 9, "model": "south.migrationhistory", "fields": {"applied": "2011-01-11 05:36:00", "app_name": "flashcards", "migration": "0007_auto__add_field_cardhistory_ease_factor__add_field_cardhistory_interva"}}, {"pk": 1, "model": "flashcards.cardtemplate", "fields": {"back_prompt": "", "ordinal": 0, "back_template_name": "flashcards/shared/1/1_back.html", "name": "Production", "front_prompt": "What is this in Japanese?", "created_at": "2011-01-06 07:25:47", "description": "", "modified_at": "2011-01-06 07:25:47", "fact_type": 1, "card_synchronization_group": null, "requisite_field_types": [1, 2, 3], "active": true, "generate_by_default": true, "allow_blank_back": true, "hide_front": false, "front_template_name": "flashcards/shared/1/1_front.html"}}, {"pk": 2, "model": "flashcards.cardtemplate", "fields": {"back_prompt": "", "ordinal": 1, "back_template_name": "flashcards/shared/1/2_back.html", "name": "Recognition", "front_prompt": "What does this expression mean?", "created_at": "2011-01-06 07:25:47", "description": "", "modified_at": "2011-01-06 07:25:47", "fact_type": 1, "card_synchronization_group": null, "requisite_field_types": [1, 2, 3], "active": true, "generate_by_default": true, "allow_blank_back": true, "hide_front": false, "front_template_name": "flashcards/shared/1/2_front.html"}}, {"pk": 3, "model": "flashcards.cardtemplate", "fields": {"back_prompt": "", "ordinal": 3, "back_template_name": "flashcards/shared/1/3_back.html", "name": "Kanji Reading", "front_prompt": "How do you read this kanji?", "created_at": "2011-01-06 07:25:47", "description": "", "modified_at": "2011-01-06 07:25:47", "fact_type": 1, "card_synchronization_group": null, "requisite_field_types": [1, 2, 3], "active": true, "generate_by_default": false, "allow_blank_back": true, "hide_front": false, "front_template_name": "flashcards/shared/1/3_front.html"}}, {"pk": 4, "model": "flashcards.cardtemplate", "fields": {"back_prompt": "", "ordinal": 4, "back_template_name": "flashcards/shared/1/4_back.html", "name": "Kanji Writing", "front_prompt": "How do you write this in kanji?", "created_at": "2011-01-06 07:25:47", "description": "", "modified_at": "2011-01-06 07:25:47", "fact_type": 1, "card_synchronization_group": null, "requisite_field_types": [1, 2, 3], "active": true, "generate_by_default": false, "allow_blank_back": true, "hide_front": false, "front_template_name": "flashcards/shared/1/4_front.html"}}, {"pk": 1, "model": "flashcards.undocardreview", "fields": {"card_history": 103, "timestamp": "2011-01-11 05:43:27", "user": 1, "pickled_review_stats": "gAJjZGphbmdvLmRiLm1vZGVscy5iYXNlCm1vZGVsX3VucGlja2xlCnEBY2ZsYXNoY2FyZHMubW9kZWxzLnJldmlld3MKUmV2aWV3U3RhdGlzdGljcwpxAl1jZGphbmdvLmRiLm1vZGVscy5iYXNlCnNpbXBsZV9jbGFzc19mYWN0b3J5CnEDh1JxBH1xBShVB3VzZXJfaWRxBksBVRRmYWlsZWRfcmV2aWV3c190b2RheXEHSwJVFWxhc3RfZmFpbGVkX3Jldmlld19hdHEIY2RhdGV0aW1lCmRhdGV0aW1lCnEJVQoH2wELBSsWBzo3hVJxClURbmV3X3Jldmlld3NfdG9kYXlxC0sBVQZfc3RhdGVxDGNkamFuZ28uZGIubW9kZWxzLmJhc2UKTW9kZWxTdGF0ZQpxDSmBcQ59cQ8oVQZhZGRpbmdxEIlVAmRicRFVB2RlZmF1bHRxEnViVQJpZHETSwFVEmxhc3RfbmV3X3Jldmlld19hdHEUaAlVCgfbAQoHAxoC+OuFUnEVdWIu", "pickled_card": "gAJjZGphbmdvLmRiLm1vZGVscy5iYXNlCm1vZGVsX3VucGlja2xlCnEBY2ZsYXNoY2FyZHMubW9kZWxzLmNhcmRzCkNhcmQKcQJdY2RqYW5nby5kYi5tb2RlbHMuYmFzZQpzaW1wbGVfY2xhc3NfZmFjdG9yeQpxA4dScQR9cQUoVRBsYXN0X3Jldmlld2VkX2F0cQZjZGF0ZXRpbWUKZGF0ZXRpbWUKcQdVCgfbAQsDAAAEEZCFUnEIVQ5sYXN0X2ZhaWxlZF9hdHEJaAdVCgfbAQsDAAAEEZCFUnEKVQhpbnRlcnZhbHELRz+OZux5oP+aVRFsYXN0X3Jldmlld19ncmFkZXEMSwBVC2xhc3RfZHVlX2F0cQ1oB1UKB9sBCwMPFAQWZYVScQ5VBl9zdGF0ZXEPY2RqYW5nby5kYi5tb2RlbHMuYmFzZQpNb2RlbFN0YXRlCnEQKYFxEX1xEihVBmFkZGluZ3ETiVUCZGJxFFUHZGVmYXVsdHEVdWJVB2ZhY3RfaWRxFksDVQlzdXNwZW5kZWRxF4lVBmFjdGl2ZXEYiFUQbGFzdF9lYXNlX2ZhY3RvcnEZRz/2AAAAAAAAVQ1sYXN0X2ludGVydmFscRpHP452COWfltJVDHJldmlld19jb3VudHEbSwxVBmR1ZV9hdHEcaAdVCgfbAQsDFQ4Hc0eFUnEdVQtlYXNlX2ZhY3RvcnEeRz/2AAAAAAAAVQtfZmFjdF9jYWNoZXEfaAFjZmxhc2hjYXJkcy5tb2RlbHMuZmFjdHMKRmFjdApxIF1oA4dScSF9cSIoVQpjcmVhdGVkX2F0cSNoB1UKB9sBCgEaEw2KtIVScSRVB2RlY2tfaWRxJUsBVQtfZGVja19jYWNoZXEmaAFjZmxhc2hjYXJkcy5tb2RlbHMuZGVja3MKRGVjawpxJ11oA4dScSh9cSkoVQdwaWN0dXJlcSpYAAAAAFULZGVzY3JpcHRpb25xK1gAAAAAVQxfb3duZXJfY2FjaGVxLGgBY2RqYW5nby5jb250cmliLmF1dGgubW9kZWxzClVzZXIKcS1daAOHUnEufXEvKFUIdXNlcm5hbWVxMFgEAAAAYWxleHExVQpmaXJzdF9uYW1lcTJYAAAAAFUJbGFzdF9uYW1lcTNYAAAAAFUJaXNfYWN0aXZlcTSIaA9oECmBcTV9cTYoaBOJaBRoFXViVQVlbWFpbHE3WAcAAAB3QHcuY29tcThVDGlzX3N1cGVydXNlcnE5iFUXX3Jldmlld3N0YXRpc3RpY3NfY2FjaGVxOmgBY2ZsYXNoY2FyZHMubW9kZWxzLnJldmlld3MKUmV2aWV3U3RhdGlzdGljcwpxO11oA4dScTx9cT0oVQd1c2VyX2lkcT5LAVUUZmFpbGVkX3Jldmlld3NfdG9kYXlxP0sCVRVsYXN0X2ZhaWxlZF9yZXZpZXdfYXRxQGgHVQoH2wELBSsWBzo3hVJxQVURbmV3X3Jldmlld3NfdG9kYXlxQksBaA9oECmBcUN9cUQoaBOJaBRoFXViVQJpZHFFSwFVEmxhc3RfbmV3X3Jldmlld19hdHFGaAdVCgfbAQoHAxoC+OuFUnFHdWJVCGlzX3N0YWZmcUiIVQpsYXN0X2xvZ2lucUloB1UKB9sBBhY6HQmGU4VScUpVCHBhc3N3b3JkcUtYMwAAAHNoYTEkNDU5NDckNzA3ZGYzMGNiNDhjZjg2NTA3MzI3ZDNhM2Y4ZGZkODhiN2QyNzYwMXFMaEVLAVULZGF0ZV9qb2luZWRxTWgHVQoH2wEGBxoBAt8yhVJxTnViVQlzaGFyZWRfYXRxT2gHVQoH2wEHCjc1Cl3mhVJxUFULbW9kaWZpZWRfYXRxUWgHVQoH2wEHCjc1CmPWhVJxUmgjaAdVCgfbAQYNESwNPOGFUnFTaA9oECmBcVR9cVUoaBOJaBRoFXViVQRuYW1lcVZYCgAAAEZpcnN0IERlY2txV1UIcHJpb3JpdHlxWEsAaBiIVQZzaGFyZWRxWYhVFHN5bmNocm9uaXplZF93aXRoX2lkcVpOVRJ0ZXh0Ym9va19zb3VyY2VfaWRxW05oRUsBVQhvd25lcl9pZHFcSwF1YlUOcGFyZW50X2ZhY3RfaWRxXU5VBW5vdGVzcV5YAAAAAGhRaAdVCgfbAQoBGhMOIv6FUnFfaFhOVQxmYWN0X3R5cGVfaWRxYEsBaBiIVRBuZXdfZmFjdF9vcmRpbmFscWFKoCVQAGgPaBApgXFifXFjKGgTiWgUaBV1YmhFSwNoWk51YmhFSwZoWEsAVRBuZXdfY2FyZF9vcmRpbmFscWRK+tN7AFULdGVtcGxhdGVfaWRxZUsCVQVsZWVjaHFmiXViLg==", "card": 6}}, {"pk": 1, "model": "flashcards.card", "fields": {"last_reviewed_at": "2011-01-10 07:01:16", "last_failed_at": "2011-01-10 07:01:08", "interval": 3.1011237803397975, "review_count": 25, "template": 1, "due_at": "2011-01-15 00:34:32", "last_due_at": "2011-01-10 07:22:09", "ease_factor": 1.9000000000000001, "last_review_grade": 4, "priority": 0, "new_card_ordinal": 3514183, "fact": 1, "suspended": false, "active": true, "last_ease_factor": 1.9000000000000001, "last_interval": 0.016695778798482119, "leech": false}}, {"pk": 2, "model": "flashcards.card", "fields": {"last_reviewed_at": "2011-01-11 02:59:53", "last_failed_at": "2011-01-11 02:59:53", "interval": 0.017020353396526789, "review_count": 26, "template": 2, "due_at": "2011-01-11 03:23:25", "last_due_at": "2011-01-11 03:11:45", "ease_factor": 1.6500000000000001, "last_review_grade": 0, "priority": 0, "new_card_ordinal": 9667534, "fact": 1, "suspended": false, "active": true, "last_ease_factor": 1.6500000000000001, "last_interval": 0.016628136789361678, "leech": false}}, {"pk": 3, "model": "flashcards.card", "fields": {"last_reviewed_at": "2011-01-07 00:20:35", "last_failed_at": "2011-01-06 23:17:28", "interval": 0.38894922055235059, "review_count": 5, "template": 1, "due_at": "2011-01-11 06:33:03", "last_due_at": "2011-01-06 23:37:40", "ease_factor": 1.7500000000000002, "last_review_grade": 3, "priority": 0, "new_card_ordinal": 8655333, "fact": 2, "suspended": true, "active": true, "last_ease_factor": 1.7500000000000002, "last_interval": 0.016912685076615201, "leech": false}}, {"pk": 4, "model": "flashcards.card", "fields": {"last_reviewed_at": "2011-01-10 07:01:13", "last_failed_at": "2011-01-10 07:01:04", "interval": 4.9385590163033681, "review_count": 22, "template": 2, "due_at": "2011-01-14 15:17:12", "last_due_at": "2011-01-10 07:23:51", "ease_factor": 2.2000000000000002, "last_review_grade": 4, "priority": 0, "new_card_ordinal": 2985936, "fact": 2, "suspended": true, "active": false, "last_ease_factor": 2.2000000000000002, "last_interval": 0.015836171119307216, "leech": false}}, {"pk": 5, "model": "flashcards.card", "fields": {"last_reviewed_at": "2011-01-10 07:01:16", "last_failed_at": "2011-01-10 07:01:10", "interval": 3.2004036722805953, "review_count": 7, "template": 1, "due_at": "2011-01-15 05:52:43", "last_due_at": "2011-01-10 07:24:26", "ease_factor": 1.4750000000000001, "last_review_grade": 4, "priority": 0, "new_card_ordinal": 7318339, "fact": 3, "suspended": false, "active": true, "last_ease_factor": 1.4750000000000001, "last_interval": 0.015903432511108116, "leech": false}}, {"pk": 6, "model": "flashcards.card", "fields": {"last_reviewed_at": "2011-01-11 05:43:08", "last_failed_at": "2011-01-11 05:43:08", "interval": 0.016062839199869051, "review_count": 12, "template": 2, "due_at": "2011-01-11 06:03:32", "last_due_at": "2011-01-11 03:21:14", "ease_factor": 1.375, "last_review_grade": 0, "priority": 0, "new_card_ordinal": 8115194, "fact": 3, "suspended": false, "active": true, "last_ease_factor": 1.375, "last_interval": 0.014844748937434638, "leech": false}}, {"pk": 7, "model": "flashcards.card", "fields": {"last_reviewed_at": "2011-01-11 05:37:20", "last_failed_at": "2011-01-11 05:37:20", "interval": 0.01615062250191265, "review_count": 7, "template": 4, "due_at": "2011-01-11 06:01:53", "last_due_at": "2011-01-11 03:20:20", "ease_factor": 1.3, "last_review_grade": 0, "priority": 0, "new_card_ordinal": 8878054, "fact": 2, "suspended": false, "active": true, "last_ease_factor": 1.3, "last_interval": 0.014391981057561457, "leech": false}}, {"pk": 1, "model": "flashcards.cardhistory", "fields": {"reviewed_at": "2011-01-06 13:20:59", "interval": null, "was_new": false, "ease_factor": null, "response": 0, "card": 4}}, {"pk": 2, "model": "flashcards.cardhistory", "fields": {"reviewed_at": "2011-01-06 13:21:01", "interval": null, "was_new": false, "ease_factor": null, "response": 0, "card": 1}}, {"pk": 3, "model": "flashcards.cardhistory", "fields": {"reviewed_at": "2011-01-06 14:11:25", "interval": null, "was_new": false, "ease_factor": null, "response": 0, "card": 1}}, {"pk": 4, "model": "flashcards.cardhistory", "fields": {"reviewed_at": "2011-01-06 14:12:40", "interval": null, "was_new": false, "ease_factor": null, "response": 0, "card": 4}}, {"pk": 5, "model": "flashcards.cardhistory", "fields": {"reviewed_at": "2011-01-06 14:12:43", "interval": null, "was_new": false, "ease_factor": null, "response": 0, "card": 1}}, {"pk": 6, "model": "flashcards.cardhistory", "fields": {"reviewed_at": "2011-01-06 14:12:54", "interval": null, "was_new": false, "ease_factor": null, "response": 0, "card": 1}}, {"pk": 7, "model": "flashcards.cardhistory", "fields": {"reviewed_at": "2011-01-06 14:12:56", "interval": null, "was_new": false, "ease_factor": null, "response": 0, "card": 4}}, {"pk": 8, "model": "flashcards.cardhistory", "fields": {"reviewed_at": "2011-01-06 14:12:59", "interval": null, "was_new": false, "ease_factor": null, "response": 0, "card": 3}}, {"pk": 9, "model": "flashcards.cardhistory", "fields": {"reviewed_at": "2011-01-06 14:13:01", "interval": null, "was_new": false, "ease_factor": null, "response": 0, "card": 2}}, {"pk": 10, "model": "flashcards.cardhistory", "fields": {"reviewed_at": "2011-01-06 14:14:30", "interval": null, "was_new": false, "ease_factor": null, "response": 0, "card": 3}}, {"pk": 11, "model": "flashcards.cardhistory", "fields": {"reviewed_at": "2011-01-06 14:14:42", "interval": null, "was_new": false, "ease_factor": null, "response": 0, "card": 1}}, {"pk": 12, "model": "flashcards.cardhistory", "fields": {"reviewed_at": "2011-01-06 14:14:46", "interval": null, "was_new": false, "ease_factor": null, "response": 0, "card": 4}}, {"pk": 13, "model": "flashcards.cardhistory", "fields": {"reviewed_at": "2011-01-06 14:14:49", "interval": null, "was_new": false, "ease_factor": null, "response": 0, "card": 2}}, {"pk": 14, "model": "flashcards.cardhistory", "fields": {"reviewed_at": "2011-01-06 14:50:54", "interval": null, "was_new": false, "ease_factor": null, "response": 0, "card": 4}}, {"pk": 15, "model": "flashcards.cardhistory", "fields": {"reviewed_at": "2011-01-06 14:50:58", "interval": null, "was_new": false, "ease_factor": null, "response": 0, "card": 2}}, {"pk": 16, "model": "flashcards.cardhistory", "fields": {"reviewed_at": "2011-01-06 15:39:56", "interval": null, "was_new": false, "ease_factor": null, "response": 0, "card": 1}}, {"pk": 17, "model": "flashcards.cardhistory", "fields": {"reviewed_at": "2011-01-06 15:40:00", "interval": null, "was_new": false, "ease_factor": null, "response": 0, "card": 3}}, {"pk": 18, "model": "flashcards.cardhistory", "fields": {"reviewed_at": "2011-01-06 22:50:38", "interval": null, "was_new": false, "ease_factor": null, "response": 0, "card": 4}}, {"pk": 19, "model": "flashcards.cardhistory", "fields": {"reviewed_at": "2011-01-06 23:17:17", "interval": null, "was_new": false, "ease_factor": null, "response": 0, "card": 2}}, {"pk": 20, "model": "flashcards.cardhistory", "fields": {"reviewed_at": "2011-01-06 23:17:28", "interval": null, "was_new": false, "ease_factor": null, "response": 0, "card": 3}}, {"pk": 21, "model": "flashcards.cardhistory", "fields": {"reviewed_at": "2011-01-06 23:48:07", "interval": null, "was_new": false, "ease_factor": null, "response": 0, "card": 1}}, {"pk": 22, "model": "flashcards.cardhistory", "fields": {"reviewed_at": "2011-01-07 00:20:35", "interval": null, "was_new": false, "ease_factor": null, "response": 3, "card": 3}}, {"pk": 23, "model": "flashcards.cardhistory", "fields": {"reviewed_at": "2011-01-07 00:20:37", "interval": null, "was_new": false, "ease_factor": null, "response": 0, "card": 2}}, {"pk": 24, "model": "flashcards.cardhistory", "fields": {"reviewed_at": "2011-01-07 00:20:40", "interval": null, "was_new": false, "ease_factor": null, "response": 0, "card": 1}}, {"pk": 25, "model": "flashcards.cardhistory", "fields": {"reviewed_at": "2011-01-07 15:38:12", "interval": null, "was_new": false, "ease_factor": null, "response": 0, "card": 4}}, {"pk": 26, "model": "flashcards.cardhistory", "fields": {"reviewed_at": "2011-01-10 01:26:43", "interval": null, "was_new": false, "ease_factor": null, "response": 0, "card": 2}}, {"pk": 27, "model": "flashcards.cardhistory", "fields": {"reviewed_at": "2011-01-10 01:26:45", "interval": null, "was_new": false, "ease_factor": null, "response": 0, "card": 1}}, {"pk": 28, "model": "flashcards.cardhistory", "fields": {"reviewed_at": "2011-01-10 01:26:48", "interval": null, "was_new": false, "ease_factor": null, "response": 0, "card": 4}}, {"pk": 29, "model": "flashcards.cardhistory", "fields": {"reviewed_at": "2011-01-10 01:27:28", "interval": null, "was_new": false, "ease_factor": null, "response": 0, "card": 2}}, {"pk": 30, "model": "flashcards.cardhistory", "fields": {"reviewed_at": "2011-01-10 01:27:30", "interval": null, "was_new": false, "ease_factor": null, "response": 0, "card": 4}}, {"pk": 31, "model": "flashcards.cardhistory", "fields": {"reviewed_at": "2011-01-10 01:27:33", "interval": null, "was_new": false, "ease_factor": null, "response": 0, "card": 1}}, {"pk": 32, "model": "flashcards.cardhistory", "fields": {"reviewed_at": "2011-01-10 01:34:37", "interval": null, "was_new": false, "ease_factor": null, "response": 0, "card": 4}}, {"pk": 33, "model": "flashcards.cardhistory", "fields": {"reviewed_at": "2011-01-10 01:34:41", "interval": null, "was_new": false, "ease_factor": null, "response": 0, "card": 2}}, {"pk": 34, "model": "flashcards.cardhistory", "fields": {"reviewed_at": "2011-01-10 01:34:43", "interval": null, "was_new": false, "ease_factor": null, "response": 0, "card": 1}}, {"pk": 35, "model": "flashcards.cardhistory", "fields": {"reviewed_at": "2011-01-10 01:35:56", "interval": null, "was_new": false, "ease_factor": null, "response": 0, "card": 2}}, {"pk": 36, "model": "flashcards.cardhistory", "fields": {"reviewed_at": "2011-01-10 01:35:58", "interval": null, "was_new": false, "ease_factor": null, "response": 0, "card": 4}}, {"pk": 37, "model": "flashcards.cardhistory", "fields": {"reviewed_at": "2011-01-10 01:36:00", "interval": null, "was_new": false, "ease_factor": null, "response": 0, "card": 1}}, {"pk": 38, "model": "flashcards.cardhistory", "fields": {"reviewed_at": "2011-01-10 01:36:59", "interval": null, "was_new": false, "ease_factor": null, "response": 0, "card": 4}}, {"pk": 39, "model": "flashcards.cardhistory", "fields": {"reviewed_at": "2011-01-10 01:37:01", "interval": null, "was_new": false, "ease_factor": null, "response": 0, "card": 1}}, {"pk": 40, "model": "flashcards.cardhistory", "fields": {"reviewed_at": "2011-01-10 01:37:03", "interval": null, "was_new": false, "ease_factor": null, "response": 0, "card": 2}}, {"pk": 41, "model": "flashcards.cardhistory", "fields": {"reviewed_at": "2011-01-10 01:38:25", "interval": null, "was_new": false, "ease_factor": null, "response": 0, "card": 4}}, {"pk": 42, "model": "flashcards.cardhistory", "fields": {"reviewed_at": "2011-01-10 01:38:29", "interval": null, "was_new": false, "ease_factor": null, "response": 0, "card": 2}}, {"pk": 43, "model": "flashcards.cardhistory", "fields": {"reviewed_at": "2011-01-10 01:38:34", "interval": null, "was_new": false, "ease_factor": null, "response": 0, "card": 1}}, {"pk": 44, "model": "flashcards.cardhistory", "fields": {"reviewed_at": "2011-01-10 01:50:28", "interval": null, "was_new": false, "ease_factor": null, "response": 0, "card": 4}}, {"pk": 45, "model": "flashcards.cardhistory", "fields": {"reviewed_at": "2011-01-10 01:50:31", "interval": null, "was_new": false, "ease_factor": null, "response": 0, "card": 2}}, {"pk": 46, "model": "flashcards.cardhistory", "fields": {"reviewed_at": "2011-01-10 01:50:34", "interval": null, "was_new": false, "ease_factor": null, "response": 0, "card": 1}}, {"pk": 47, "model": "flashcards.cardhistory", "fields": {"reviewed_at": "2011-01-10 01:50:59", "interval": null, "was_new": false, "ease_factor": null, "response": 0, "card": 2}}, {"pk": 48, "model": "flashcards.cardhistory", "fields": {"reviewed_at": "2011-01-10 01:51:00", "interval": null, "was_new": false, "ease_factor": null, "response": 0, "card": 1}}, {"pk": 49, "model": "flashcards.cardhistory", "fields": {"reviewed_at": "2011-01-10 01:51:03", "interval": null, "was_new": false, "ease_factor": null, "response": 0, "card": 4}}, {"pk": 50, "model": "flashcards.cardhistory", "fields": {"reviewed_at": "2011-01-10 01:51:40", "interval": null, "was_new": false, "ease_factor": null, "response": 0, "card": 1}}, {"pk": 51, "model": "flashcards.cardhistory", "fields": {"reviewed_at": "2011-01-10 01:51:42", "interval": null, "was_new": false, "ease_factor": null, "response": 0, "card": 4}}, {"pk": 52, "model": "flashcards.cardhistory", "fields": {"reviewed_at": "2011-01-10 01:51:43", "interval": null, "was_new": false, "ease_factor": null, "response": 0, "card": 2}}, {"pk": 53, "model": "flashcards.cardhistory", "fields": {"reviewed_at": "2011-01-10 01:52:10", "interval": null, "was_new": false, "ease_factor": null, "response": 0, "card": 1}}, {"pk": 54, "model": "flashcards.cardhistory", "fields": {"reviewed_at": "2011-01-10 01:52:13", "interval": null, "was_new": false, "ease_factor": null, "response": 0, "card": 4}}, {"pk": 55, "model": "flashcards.cardhistory", "fields": {"reviewed_at": "2011-01-10 01:52:15", "interval": null, "was_new": false, "ease_factor": null, "response": 0, "card": 2}}, {"pk": 56, "model": "flashcards.cardhistory", "fields": {"reviewed_at": "2011-01-10 01:53:03", "interval": null, "was_new": false, "ease_factor": null, "response": 0, "card": 4}}, {"pk": 57, "model": "flashcards.cardhistory", "fields": {"reviewed_at": "2011-01-10 01:53:04", "interval": null, "was_new": false, "ease_factor": null, "response": 0, "card": 1}}, {"pk": 58, "model": "flashcards.cardhistory", "fields": {"reviewed_at": "2011-01-10 01:53:07", "interval": null, "was_new": false, "ease_factor": null, "response": 0, "card": 2}}, {"pk": 59, "model": "flashcards.cardhistory", "fields": {"reviewed_at": "2011-01-10 01:53:09", "interval": null, "was_new": false, "ease_factor": null, "response": 0, "card": 5}}, {"pk": 60, "model": "flashcards.cardhistory", "fields": {"reviewed_at": "2011-01-10 01:53:10", "interval": null, "was_new": false, "ease_factor": null, "response": 0, "card": 1}}, {"pk": 61, "model": "flashcards.cardhistory", "fields": {"reviewed_at": "2011-01-10 01:53:10", "interval": null, "was_new": false, "ease_factor": null, "response": 0, "card": 2}}, {"pk": 62, "model": "flashcards.cardhistory", "fields": {"reviewed_at": "2011-01-10 01:53:10", "interval": null, "was_new": false, "ease_factor": null, "response": 0, "card": 5}}, {"pk": 63, "model": "flashcards.cardhistory", "fields": {"reviewed_at": "2011-01-10 01:53:11", "interval": null, "was_new": false, "ease_factor": null, "response": 0, "card": 1}}, {"pk": 64, "model": "flashcards.cardhistory", "fields": {"reviewed_at": "2011-01-10 01:58:01", "interval": null, "was_new": false, "ease_factor": null, "response": 0, "card": 2}}, {"pk": 65, "model": "flashcards.cardhistory", "fields": {"reviewed_at": "2011-01-10 01:58:08", "interval": null, "was_new": false, "ease_factor": null, "response": 0, "card": 5}}, {"pk": 66, "model": "flashcards.cardhistory", "fields": {"reviewed_at": "2011-01-10 01:58:11", "interval": null, "was_new": false, "ease_factor": null, "response": 0, "card": 4}}, {"pk": 67, "model": "flashcards.cardhistory", "fields": {"reviewed_at": "2011-01-10 01:58:48", "interval": null, "was_new": false, "ease_factor": null, "response": 0, "card": 1}}, {"pk": 68, "model": "flashcards.cardhistory", "fields": {"reviewed_at": "2011-01-10 01:59:01", "interval": null, "was_new": false, "ease_factor": null, "response": 0, "card": 6}}, {"pk": 69, "model": "flashcards.cardhistory", "fields": {"reviewed_at": "2011-01-10 01:59:03", "interval": null, "was_new": false, "ease_factor": null, "response": 0, "card": 5}}, {"pk": 70, "model": "flashcards.cardhistory", "fields": {"reviewed_at": "2011-01-10 02:07:24", "interval": null, "was_new": false, "ease_factor": null, "response": 0, "card": 4}}, {"pk": 71, "model": "flashcards.cardhistory", "fields": {"reviewed_at": "2011-01-10 07:00:54", "interval": null, "was_new": false, "ease_factor": null, "response": 0, "card": 6}}, {"pk": 72, "model": "flashcards.cardhistory", "fields": {"reviewed_at": "2011-01-10 07:00:58", "interval": null, "was_new": false, "ease_factor": null, "response": 0, "card": 2}}, {"pk": 73, "model": "flashcards.cardhistory", "fields": {"reviewed_at": "2011-01-10 07:01:00", "interval": null, "was_new": false, "ease_factor": null, "response": 0, "card": 1}}, {"pk": 74, "model": "flashcards.cardhistory", "fields": {"reviewed_at": "2011-01-10 07:01:02", "interval": null, "was_new": false, "ease_factor": null, "response": 0, "card": 5}}, {"pk": 75, "model": "flashcards.cardhistory", "fields": {"reviewed_at": "2011-01-10 07:01:04", "interval": null, "was_new": false, "ease_factor": null, "response": 0, "card": 4}}, {"pk": 76, "model": "flashcards.cardhistory", "fields": {"reviewed_at": "2011-01-10 07:01:06", "interval": null, "was_new": false, "ease_factor": null, "response": 0, "card": 2}}, {"pk": 77, "model": "flashcards.cardhistory", "fields": {"reviewed_at": "2011-01-10 07:01:08", "interval": null, "was_new": false, "ease_factor": null, "response": 0, "card": 1}}, {"pk": 78, "model": "flashcards.cardhistory", "fields": {"reviewed_at": "2011-01-10 07:01:10", "interval": null, "was_new": false, "ease_factor": null, "response": 0, "card": 5}}, {"pk": 79, "model": "flashcards.cardhistory", "fields": {"reviewed_at": "2011-01-10 07:01:13", "interval": null, "was_new": false, "ease_factor": null, "response": 4, "card": 4}}, {"pk": 80, "model": "flashcards.cardhistory", "fields": {"reviewed_at": "2011-01-10 07:01:14", "interval": null, "was_new": false, "ease_factor": null, "response": 4, "card": 2}}, {"pk": 81, "model": "flashcards.cardhistory", "fields": {"reviewed_at": "2011-01-10 07:01:16", "interval": null, "was_new": false, "ease_factor": null, "response": 4, "card": 1}}, {"pk": 82, "model": "flashcards.cardhistory", "fields": {"reviewed_at": "2011-01-10 07:01:16", "interval": null, "was_new": false, "ease_factor": null, "response": 4, "card": 5}}, {"pk": 83, "model": "flashcards.cardhistory", "fields": {"reviewed_at": "2011-01-10 07:01:21", "interval": null, "was_new": false, "ease_factor": null, "response": 4, "card": 6}}, {"pk": 84, "model": "flashcards.cardhistory", "fields": {"reviewed_at": "2011-01-10 07:03:26", "interval": null, "was_new": false, "ease_factor": null, "response": 0, "card": 7}}, {"pk": 85, "model": "flashcards.cardhistory", "fields": {"reviewed_at": "2011-01-11 00:01:50", "interval": null, "was_new": false, "ease_factor": null, "response": 0, "card": 7}}, {"pk": 86, "model": "flashcards.cardhistory", "fields": {"reviewed_at": "2011-01-11 00:02:46", "interval": null, "was_new": false, "ease_factor": null, "response": 0, "card": 2}}, {"pk": 87, "model": "flashcards.cardhistory", "fields": {"reviewed_at": "2011-01-11 00:02:51", "interval": null, "was_new": false, "ease_factor": null, "response": 0, "card": 6}}, {"pk": 88, "model": "flashcards.cardhistory", "fields": {"reviewed_at": "2011-01-11 01:03:36", "interval": null, "was_new": false, "ease_factor": null, "response": 0, "card": 2}}, {"pk": 89, "model": "flashcards.cardhistory", "fields": {"reviewed_at": "2011-01-11 02:06:13", "interval": null, "was_new": false, "ease_factor": null, "response": 0, "card": 6}}, {"pk": 90, "model": "flashcards.cardhistory", "fields": {"reviewed_at": "2011-01-11 02:31:00", "interval": null, "was_new": false, "ease_factor": null, "response": 0, "card": 7}}, {"pk": 91, "model": "flashcards.cardhistory", "fields": {"reviewed_at": "2011-01-11 02:31:05", "interval": null, "was_new": false, "ease_factor": null, "response": 0, "card": 2}}, {"pk": 92, "model": "flashcards.cardhistory", "fields": {"reviewed_at": "2011-01-11 02:31:54", "interval": null, "was_new": false, "ease_factor": null, "response": 0, "card": 6}}, {"pk": 93, "model": "flashcards.cardhistory", "fields": {"reviewed_at": "2011-01-11 02:33:34", "interval": null, "was_new": false, "ease_factor": null, "response": 0, "card": 7}}, {"pk": 94, "model": "flashcards.cardhistory", "fields": {"reviewed_at": "2011-01-11 02:47:30", "interval": null, "was_new": false, "ease_factor": null, "response": 0, "card": 2}}, {"pk": 95, "model": "flashcards.cardhistory", "fields": {"reviewed_at": "2011-01-11 02:47:31", "interval": null, "was_new": false, "ease_factor": null, "response": 0, "card": 6}}, {"pk": 96, "model": "flashcards.cardhistory", "fields": {"reviewed_at": "2011-01-11 02:48:15", "interval": null, "was_new": false, "ease_factor": null, "response": 0, "card": 7}}, {"pk": 97, "model": "flashcards.cardhistory", "fields": {"reviewed_at": "2011-01-11 02:49:28", "interval": null, "was_new": false, "ease_factor": null, "response": 0, "card": 6}}, {"pk": 98, "model": "flashcards.cardhistory", "fields": {"reviewed_at": "2011-01-11 02:52:57", "interval": null, "was_new": false, "ease_factor": null, "response": 0, "card": 6}}, {"pk": 99, "model": "flashcards.cardhistory", "fields": {"reviewed_at": "2011-01-11 02:59:53", "interval": null, "was_new": false, "ease_factor": null, "response": 0, "card": 2}}, {"pk": 100, "model": "flashcards.cardhistory", "fields": {"reviewed_at": "2011-01-11 02:59:56", "interval": null, "was_new": false, "ease_factor": null, "response": 0, "card": 7}}, {"pk": 101, "model": "flashcards.cardhistory", "fields": {"reviewed_at": "2011-01-11 03:00:00", "interval": null, "was_new": false, "ease_factor": null, "response": 0, "card": 6}}, {"pk": 102, "model": "flashcards.cardhistory", "fields": {"reviewed_at": "2011-01-11 05:37:20", "interval": 0.01615062250191265, "was_new": false, "ease_factor": 1.3, "response": 0, "card": 7}}, {"pk": 103, "model": "flashcards.cardhistory", "fields": {"reviewed_at": "2011-01-11 05:43:08", "interval": 0.016062839199869051, "was_new": false, "ease_factor": 1.375, "response": 0, "card": 6}}, {"pk": 1, "model": "flashcards.deck", "fields": {"picture": "", "name": "First Deck", "shared_at": "2011-01-07 10:55:53", "textbook_source": null, "created_at": "2011-01-06 13:17:44", "modified_at": "2011-01-07 10:55:53", "priority": 0, "synchronized_with": null, "owner": 1, "shared": true, "active": true, "description": ""}}, {"pk": 1, "model": "flashcards.schedulingoptions", "fields": {"medium_interval_min": 3.0, "unknown_interval_min": 0.013888888888888888, "easy_interval_max": 9.0, "deck": 1, "hard_interval_min": 0.33300000000000002, "easy_interval_min": 7.0, "hard_interval_max": 0.5, "mature_unknown_interval_max": 0.33300000000000002, "medium_interval_max": 5.0, "unknown_interval_max": 0.017361111111111112, "mature_unknown_interval_min": 0.33300000000000002}}, {"pk": 1, "model": "flashcards.fieldtype", "fields": {"disabled_in_form": false, "numeric": false, "grid_column_width": "", "blank": false, "help_text": "", "accepts_media": false, "display_name": "Meaning", "character_restriction": null, "hidden_in_form": false, "multi_line": true, "ordinal": 1, "hidden_in_grid": false, "editable": true, "fact_type": 1, "media_restriction": null, "transliteration_field_type": null, "active": true, "unique": true, "name": "meaning", "language": null, "created_at": "2011-01-06 07:25:47", "modified_at": "2011-01-06 07:44:00", "choices": ""}}, {"pk": 2, "model": "flashcards.fieldtype", "fields": {"disabled_in_form": false, "numeric": false, "grid_column_width": "", "blank": true, "help_text": "", "accepts_media": false, "display_name": "Reading", "character_restriction": null, "hidden_in_form": false, "multi_line": true, "ordinal": 2, "hidden_in_grid": false, "editable": true, "fact_type": 1, "media_restriction": null, "transliteration_field_type": null, "active": true, "unique": false, "name": "reading", "language": null, "created_at": "2011-01-06 07:25:47", "modified_at": "2011-01-06 07:44:07", "choices": ""}}, {"pk": 3, "model": "flashcards.fieldtype", "fields": {"disabled_in_form": false, "numeric": false, "grid_column_width": "", "blank": false, "help_text": "", "accepts_media": false, "display_name": "Expression", "character_restriction": null, "hidden_in_form": false, "multi_line": true, "ordinal": 0, "hidden_in_grid": false, "editable": true, "fact_type": 1, "media_restriction": null, "transliteration_field_type": 2, "active": true, "unique": true, "name": "expression", "language": null, "created_at": "2011-01-06 07:25:47", "modified_at": "2011-01-06 07:43:51", "choices": ""}}, {"pk": 4, "model": "flashcards.fieldtype", "fields": {"disabled_in_form": true, "numeric": false, "grid_column_width": "7.4em", "blank": true, "help_text": "", "accepts_media": false, "display_name": "Part of Speech", "character_restriction": null, "hidden_in_form": true, "multi_line": true, "ordinal": 4, "hidden_in_grid": true, "editable": true, "fact_type": 1, "media_restriction": null, "transliteration_field_type": null, "active": true, "unique": false, "name": "part_of_speech", "language": null, "created_at": "2011-01-06 07:25:47", "modified_at": "2011-01-06 07:44:16", "choices": "((S'n'\np0\nS'Noun'\np1\ntp2\n(S'v'\np3\nS'Verb'\np4\ntp5\n(S'adj'\np6\nS'Adjective'\np7\ntp8\n(S'adv'\np9\nS'Adverb'\np10\ntp11\n(S'prep'\np12\nS'Preposition'\np13\ntp14\n(S'pn'\np15\nS'Pronoun'\np16\ntp17\n(S'prpn'\np18\nS'Proper Noun'\np19\ntp20\n(S'phr'\np21\nS'Phrase'\np22\ntp23\n(S'abbr'\np24\nS'Abbreviation'\np25\ntp26\n(S'conj'\np27\nS'Conjunction'\np28\ntp29\n(S'intr'\np30\nS'Interrogative'\np31\ntp32\n(S'auxv'\np33\nS'Auxilliary Verb'\np34\ntp35\n(S'prt'\np36\nS'Particle'\np37\ntp38\n(S'expr'\np39\nS'Expression'\np40\ntp41\n(S'kana'\np42\nS'Kana'\np43\ntp44\n(S'phrv'\np45\nS'Phrasal Verb'\np46\ntp47\n(S'int'\np48\nS'Interjection'\np49\ntp50\n(S'vn'\np51\nS'Verbal Noun'\np52\ntp53\n(S'advn'\np54\nS'Adverbial Noun'\np55\ntp56\n(S'adjn'\np57\nS'Adjectival Noun'\np58\ntp59\n(S'pref'\np60\nS'Prefix'\np61\ntp62\n(S'suff'\np63\nS'Suffix'\np64\ntp65\n(S'det'\np66\nS'Determiner'\np67\ntp68\n(S'idio'\np69\nS'Idiomatic Expression'\np70\ntp71\n(S'num'\np72\nS'Numeric'\np73\ntp74\n(S'cnt'\np75\nS'Counter'\np76\ntp77\ntp78\n."}}, {"pk": 5, "model": "flashcards.fieldtype", "fields": {"disabled_in_form": false, "numeric": false, "grid_column_width": "", "blank": true, "help_text": "", "accepts_media": false, "display_name": "Notes", "character_restriction": null, "hidden_in_form": true, "multi_line": true, "ordinal": 5, "hidden_in_grid": true, "editable": true, "fact_type": 1, "media_restriction": null, "transliteration_field_type": null, "active": true, "unique": false, "name": "notes", "language": null, "created_at": "2011-01-06 07:25:47", "modified_at": "2011-01-06 07:44:29", "choices": ""}}, {"pk": 6, "model": "flashcards.fieldtype", "fields": {"disabled_in_form": false, "numeric": false, "grid_column_width": "", "blank": false, "help_text": "", "accepts_media": false, "display_name": "Meaning", "character_restriction": null, "hidden_in_form": false, "multi_line": true, "ordinal": 1, "hidden_in_grid": false, "editable": true, "fact_type": 2, "media_restriction": null, "transliteration_field_type": null, "active": true, "unique": true, "name": "meaning", "language": null, "created_at": "2011-01-06 07:25:47", "modified_at": "2011-01-06 07:44:36", "choices": ""}}, {"pk": 7, "model": "flashcards.fieldtype", "fields": {"disabled_in_form": false, "numeric": false, "grid_column_width": "", "blank": true, "help_text": "", "accepts_media": false, "display_name": "Reading", "character_restriction": null, "hidden_in_form": false, "multi_line": true, "ordinal": 2, "hidden_in_grid": false, "editable": true, "fact_type": 2, "media_restriction": null, "transliteration_field_type": null, "active": true, "unique": false, "name": "reading", "language": null, "created_at": "2011-01-06 07:25:47", "modified_at": "2011-01-06 07:44:44", "choices": ""}}, {"pk": 8, "model": "flashcards.fieldtype", "fields": {"disabled_in_form": false, "numeric": false, "grid_column_width": "", "blank": false, "help_text": "", "accepts_media": false, "display_name": "Expression", "character_restriction": null, "hidden_in_form": false, "multi_line": true, "ordinal": 0, "hidden_in_grid": false, "editable": true, "fact_type": 2, "media_restriction": null, "transliteration_field_type": 7, "active": true, "unique": true, "name": "expression", "language": null, "created_at": "2011-01-06 07:25:47", "modified_at": "2011-01-06 07:44:51", "choices": ""}}, {"pk": 1, "model": "flashcards.fieldcontent", "fields": {"field_type": 3, "cached_transliteration_without_markup": "", "content": "\u98df\u3079\u308b", "media_file": "", "media_uri": "", "fact": 1}}, {"pk": 2, "model": "flashcards.fieldcontent", "fields": {"field_type": 1, "cached_transliteration_without_markup": "", "content": "to eat", "media_file": "", "media_uri": "", "fact": 1}}, {"pk": 3, "model": "flashcards.fieldcontent", "fields": {"field_type": 2, "cached_transliteration_without_markup": "\u305f\u3079\u308b ", "content": "\u98df[\u305f]\u3079\u308b ", "media_file": "", "media_uri": "", "fact": 1}}, {"pk": 4, "model": "flashcards.fieldcontent", "fields": {"field_type": 5, "cached_transliteration_without_markup": "", "content": "", "media_file": "", "media_uri": "", "fact": 1}}, {"pk": 5, "model": "flashcards.fieldcontent", "fields": {"field_type": 3, "cached_transliteration_without_markup": "", "content": "\u98f2\u3080", "media_file": "", "media_uri": "", "fact": 2}}, {"pk": 6, "model": "flashcards.fieldcontent", "fields": {"field_type": 1, "cached_transliteration_without_markup": "", "content": "to drink", "media_file": "", "media_uri": "", "fact": 2}}, {"pk": 7, "model": "flashcards.fieldcontent", "fields": {"field_type": 2, "cached_transliteration_without_markup": "\u306e\u3080", "content": "\u98f2[\u306e]\u3080", "media_file": "", "media_uri": "", "fact": 2}}, {"pk": 8, "model": "flashcards.fieldcontent", "fields": {"field_type": 5, "cached_transliteration_without_markup": "", "content": "", "media_file": "", "media_uri": "", "fact": 2}}, {"pk": 9, "model": "flashcards.fieldcontent", "fields": {"field_type": 3, "cached_transliteration_without_markup": "", "content": "crap", "media_file": "", "media_uri": "", "fact": 3}}, {"pk": 10, "model": "flashcards.fieldcontent", "fields": {"field_type": 1, "cached_transliteration_without_markup": "", "content": "crap", "media_file": "", "media_uri": "", "fact": 3}}, {"pk": 11, "model": "flashcards.fieldcontent", "fields": {"field_type": 2, "cached_transliteration_without_markup": "", "content": "", "media_file": "", "media_uri": "", "fact": 3}}, {"pk": 12, "model": "flashcards.fieldcontent", "fields": {"field_type": 5, "cached_transliteration_without_markup": "", "content": "", "media_file": "", "media_uri": "", "fact": 3}}, {"pk": 1, "model": "flashcards.facttype", "fields": {"space_factor": 0.10000000000000001, "name": "Japanese", "min_card_space": 0.0069444444444444441, "modified_at": "2011-01-06 07:25:47", "created_at": "2011-01-06 07:25:47", "many_children_per_fact": null, "parent_fact_type": null, "active": true}}, {"pk": 2, "model": "flashcards.facttype", "fields": {"space_factor": 0.10000000000000001, "name": "Example Sentence", "min_card_space": 0.0069444444444444441, "modified_at": "2011-01-06 07:25:47", "created_at": "2011-01-06 07:25:47", "many_children_per_fact": true, "parent_fact_type": 1, "active": true}}, {"pk": 1, "model": "flashcards.fact", "fields": {"fact_type": 1, "parent_fact": null, "deck": 1, "notes": "", "modified_at": "2011-01-06 13:18:05", "priority": null, "active": true, "synchronized_with": null, "new_fact_ordinal": 4916393, "created_at": "2011-01-06 13:18:05"}}, {"pk": 2, "model": "flashcards.fact", "fields": {"fact_type": 1, "parent_fact": null, "deck": 1, "notes": "", "modified_at": "2011-01-06 13:18:15", "priority": null, "active": true, "synchronized_with": null, "new_fact_ordinal": 6209850, "created_at": "2011-01-06 13:18:15"}}, {"pk": 3, "model": "flashcards.fact", "fields": {"fact_type": 1, "parent_fact": null, "deck": 1, "notes": "", "modified_at": "2011-01-10 01:26:19", "priority": null, "active": true, "synchronized_with": null, "new_fact_ordinal": 5252512, "created_at": "2011-01-10 01:26:19"}}, {"pk": 1, "model": "flashcards.reviewstatistics", "fields": {"last_failed_review_at": "2011-01-11 05:43:22", "new_reviews_today": 1, "last_new_review_at": "2011-01-10 07:03:26", "user": 1, "failed_reviews_today": 2}}, {"pk": 58, "model": "auth.permission", "fields": {"codename": "add_account", "name": "Can add account", "content_type": 20}}, {"pk": 59, "model": "auth.permission", "fields": {"codename": "change_account", "name": "Can change account", "content_type": 20}}, {"pk": 60, "model": "auth.permission", "fields": {"codename": "delete_account", "name": "Can delete account", "content_type": 20}}, {"pk": 61, "model": "auth.permission", "fields": {"codename": "add_otherserviceinfo", "name": "Can add other service info", "content_type": 21}}, {"pk": 62, "model": "auth.permission", "fields": {"codename": "change_otherserviceinfo", "name": "Can change other service info", "content_type": 21}}, {"pk": 63, "model": "auth.permission", "fields": {"codename": "delete_otherserviceinfo", "name": "Can delete other service info", "content_type": 21}}, {"pk": 64, "model": "auth.permission", "fields": {"codename": "add_passwordreset", "name": "Can add password reset", "content_type": 22}}, {"pk": 65, "model": "auth.permission", "fields": {"codename": "change_passwordreset", "name": "Can change password reset", "content_type": 22}}, {"pk": 66, "model": "auth.permission", "fields": {"codename": "delete_passwordreset", "name": "Can delete password reset", "content_type": 22}}, {"pk": 1, "model": "auth.permission", "fields": {"codename": "add_logentry", "name": "Can add log entry", "content_type": 1}}, {"pk": 2, "model": "auth.permission", "fields": {"codename": "change_logentry", "name": "Can change log entry", "content_type": 1}}, {"pk": 3, "model": "auth.permission", "fields": {"codename": "delete_logentry", "name": "Can delete log entry", "content_type": 1}}, {"pk": 55, "model": "auth.permission", "fields": {"codename": "add_announcement", "name": "Can add announcement", "content_type": 19}}, {"pk": 56, "model": "auth.permission", "fields": {"codename": "change_announcement", "name": "Can change announcement", "content_type": 19}}, {"pk": 57, "model": "auth.permission", "fields": {"codename": "delete_announcement", "name": "Can delete announcement", "content_type": 19}}, {"pk": 7, "model": "auth.permission", "fields": {"codename": "add_group", "name": "Can add group", "content_type": 3}}, {"pk": 8, "model": "auth.permission", "fields": {"codename": "change_group", "name": "Can change group", "content_type": 3}}, {"pk": 9, "model": "auth.permission", "fields": {"codename": "delete_group", "name": "Can delete group", "content_type": 3}}, {"pk": 13, "model": "auth.permission", "fields": {"codename": "add_message", "name": "Can add message", "content_type": 5}}, {"pk": 14, "model": "auth.permission", "fields": {"codename": "change_message", "name": "Can change message", "content_type": 5}}, {"pk": 15, "model": "auth.permission", "fields": {"codename": "delete_message", "name": "Can delete message", "content_type": 5}}, {"pk": 4, "model": "auth.permission", "fields": {"codename": "add_permission", "name": "Can add permission", "content_type": 2}}, {"pk": 5, "model": "auth.permission", "fields": {"codename": "change_permission", "name": "Can change permission", "content_type": 2}}, {"pk": 6, "model": "auth.permission", "fields": {"codename": "delete_permission", "name": "Can delete permission", "content_type": 2}}, {"pk": 10, "model": "auth.permission", "fields": {"codename": "add_user", "name": "Can add user", "content_type": 4}}, {"pk": 11, "model": "auth.permission", "fields": {"codename": "change_user", "name": "Can change user", "content_type": 4}}, {"pk": 12, "model": "auth.permission", "fields": {"codename": "delete_user", "name": "Can delete user", "content_type": 4}}, {"pk": 16, "model": "auth.permission", "fields": {"codename": "add_contenttype", "name": "Can add content type", "content_type": 6}}, {"pk": 17, "model": "auth.permission", "fields": {"codename": "change_contenttype", "name": "Can change content type", "content_type": 6}}, {"pk": 18, "model": "auth.permission", "fields": {"codename": "delete_contenttype", "name": "Can delete content type", "content_type": 6}}, {"pk": 73, "model": "auth.permission", "fields": {"codename": "add_template", "name": "Can add template", "content_type": 25}}, {"pk": 74, "model": "auth.permission", "fields": {"codename": "change_template", "name": "Can change template", "content_type": 25}}, {"pk": 75, "model": "auth.permission", "fields": {"codename": "delete_template", "name": "Can delete template", "content_type": 25}}, {"pk": 79, "model": "auth.permission", "fields": {"codename": "add_error", "name": "Can add error", "content_type": 27}}, {"pk": 80, "model": "auth.permission", "fields": {"codename": "change_error", "name": "Can change error", "content_type": 27}}, {"pk": 81, "model": "auth.permission", "fields": {"codename": "delete_error", "name": "Can delete error", "content_type": 27}}, {"pk": 76, "model": "auth.permission", "fields": {"codename": "add_errorbatch", "name": "Can add error batch", "content_type": 26}}, {"pk": 77, "model": "auth.permission", "fields": {"codename": "change_errorbatch", "name": "Can change error batch", "content_type": 26}}, {"pk": 78, "model": "auth.permission", "fields": {"codename": "delete_errorbatch", "name": "Can delete error batch", "content_type": 26}}, {"pk": 40, "model": "auth.permission", "fields": {"codename": "add_emailaddress", "name": "Can add e-mail address", "content_type": 14}}, {"pk": 41, "model": "auth.permission", "fields": {"codename": "change_emailaddress", "name": "Can change e-mail address", "content_type": 14}}, {"pk": 42, "model": "auth.permission", "fields": {"codename": "delete_emailaddress", "name": "Can delete e-mail address", "content_type": 14}}, {"pk": 43, "model": "auth.permission", "fields": {"codename": "add_emailconfirmation", "name": "Can add e-mail confirmation", "content_type": 15}}, {"pk": 44, "model": "auth.permission", "fields": {"codename": "change_emailconfirmation", "name": "Can change e-mail confirmation", "content_type": 15}}, {"pk": 45, "model": "auth.permission", "fields": {"codename": "delete_emailconfirmation", "name": "Can delete e-mail confirmation", "content_type": 15}}, {"pk": 91, "model": "auth.permission", "fields": {"codename": "add_card", "name": "Can add card", "content_type": 31}}, {"pk": 92, "model": "auth.permission", "fields": {"codename": "change_card", "name": "Can change card", "content_type": 31}}, {"pk": 93, "model": "auth.permission", "fields": {"codename": "delete_card", "name": "Can delete card", "content_type": 31}}, {"pk": 97, "model": "auth.permission", "fields": {"codename": "add_cardhistory", "name": "Can add card history", "content_type": 33}}, {"pk": 98, "model": "auth.permission", "fields": {"codename": "change_cardhistory", "name": "Can change card history", "content_type": 33}}, {"pk": 99, "model": "auth.permission", "fields": {"codename": "delete_cardhistory", "name": "Can delete card history", "content_type": 33}}, {"pk": 94, "model": "auth.permission", "fields": {"codename": "add_cardstatistics", "name": "Can add card statistics", "content_type": 32}}, {"pk": 95, "model": "auth.permission", "fields": {"codename": "change_cardstatistics", "name": "Can change card statistics", "content_type": 32}}, {"pk": 96, "model": "auth.permission", "fields": {"codename": "delete_cardstatistics", "name": "Can delete card statistics", "content_type": 32}}, {"pk": 85, "model": "auth.permission", "fields": {"codename": "add_cardtemplate", "name": "Can add card template", "content_type": 29}}, {"pk": 86, "model": "auth.permission", "fields": {"codename": "change_cardtemplate", "name": "Can change card template", "content_type": 29}}, {"pk": 87, "model": "auth.permission", "fields": {"codename": "delete_cardtemplate", "name": "Can delete card template", "content_type": 29}}, {"pk": 103, "model": "auth.permission", "fields": {"codename": "add_deck", "name": "Can add deck", "content_type": 35}}, {"pk": 104, "model": "auth.permission", "fields": {"codename": "change_deck", "name": "Can change deck", "content_type": 35}}, {"pk": 105, "model": "auth.permission", "fields": {"codename": "delete_deck", "name": "Can delete deck", "content_type": 35}}, {"pk": 118, "model": "auth.permission", "fields": {"codename": "add_fact", "name": "Can add fact", "content_type": 40}}, {"pk": 121, "model": "auth.permission", "fields": {"codename": "add_subfact", "name": "Can add sub fact", "content_type": 40}}, {"pk": 119, "model": "auth.permission", "fields": {"codename": "change_fact", "name": "Can change fact", "content_type": 40}}, {"pk": 122, "model": "auth.permission", "fields": {"codename": "change_subfact", "name": "Can change sub fact", "content_type": 40}}, {"pk": 120, "model": "auth.permission", "fields": {"codename": "delete_fact", "name": "Can delete fact", "content_type": 40}}, {"pk": 123, "model": "auth.permission", "fields": {"codename": "delete_subfact", "name": "Can delete sub fact", "content_type": 40}}, {"pk": 115, "model": "auth.permission", "fields": {"codename": "add_facttype", "name": "Can add fact type", "content_type": 39}}, {"pk": 116, "model": "auth.permission", "fields": {"codename": "change_facttype", "name": "Can change fact type", "content_type": 39}}, {"pk": 117, "model": "auth.permission", "fields": {"codename": "delete_facttype", "name": "Can delete fact type", "content_type": 39}}, {"pk": 112, "model": "auth.permission", "fields": {"codename": "add_fieldcontent", "name": "Can add field content", "content_type": 38}}, {"pk": 113, "model": "auth.permission", "fields": {"codename": "change_fieldcontent", "name": "Can change field content", "content_type": 38}}, {"pk": 114, "model": "auth.permission", "fields": {"codename": "delete_fieldcontent", "name": "Can delete field content", "content_type": 38}}, {"pk": 109, "model": "auth.permission", "fields": {"codename": "add_fieldtype", "name": "Can add field type", "content_type": 37}}, {"pk": 110, "model": "auth.permission", "fields": {"codename": "change_fieldtype", "name": "Can change field type", "content_type": 37}}, {"pk": 111, "model": "auth.permission", "fields": {"codename": "delete_fieldtype", "name": "Can delete field type", "content_type": 37}}, {"pk": 124, "model": "auth.permission", "fields": {"codename": "add_reviewstatistics", "name": "Can add review statistics", "content_type": 41}}, {"pk": 125, "model": "auth.permission", "fields": {"codename": "change_reviewstatistics", "name": "Can change review statistics", "content_type": 41}}, {"pk": 126, "model": "auth.permission", "fields": {"codename": "delete_reviewstatistics", "name": "Can delete review statistics", "content_type": 41}}, {"pk": 106, "model": "auth.permission", "fields": {"codename": "add_schedulingoptions", "name": "Can add scheduling options", "content_type": 36}}, {"pk": 107, "model": "auth.permission", "fields": {"codename": "change_schedulingoptions", "name": "Can change scheduling options", "content_type": 36}}, {"pk": 108, "model": "auth.permission", "fields": {"codename": "delete_schedulingoptions", "name": "Can delete scheduling options", "content_type": 36}}, {"pk": 100, "model": "auth.permission", "fields": {"codename": "add_textbook", "name": "Can add textbook", "content_type": 34}}, {"pk": 101, "model": "auth.permission", "fields": {"codename": "change_textbook", "name": "Can change textbook", "content_type": 34}}, {"pk": 102, "model": "auth.permission", "fields": {"codename": "delete_textbook", "name": "Can delete textbook", "content_type": 34}}, {"pk": 88, "model": "auth.permission", "fields": {"codename": "add_undocardreview", "name": "Can add undo card review", "content_type": 30}}, {"pk": 89, "model": "auth.permission", "fields": {"codename": "change_undocardreview", "name": "Can change undo card review", "content_type": 30}}, {"pk": 90, "model": "auth.permission", "fields": {"codename": "delete_undocardreview", "name": "Can delete undo card review", "content_type": 30}}, {"pk": 49, "model": "auth.permission", "fields": {"codename": "add_dontsendentry", "name": "Can add don't send entry", "content_type": 17}}, {"pk": 50, "model": "auth.permission", "fields": {"codename": "change_dontsendentry", "name": "Can change don't send entry", "content_type": 17}}, {"pk": 51, "model": "auth.permission", "fields": {"codename": "delete_dontsendentry", "name": "Can delete don't send entry", "content_type": 17}}, {"pk": 46, "model": "auth.permission", "fields": {"codename": "add_message", "name": "Can add message", "content_type": 16}}, {"pk": 47, "model": "auth.permission", "fields": {"codename": "change_message", "name": "Can change message", "content_type": 16}}, {"pk": 48, "model": "auth.permission", "fields": {"codename": "delete_message", "name": "Can delete message", "content_type": 16}}, {"pk": 52, "model": "auth.permission", "fields": {"codename": "add_messagelog", "name": "Can add message log", "content_type": 18}}, {"pk": 53, "model": "auth.permission", "fields": {"codename": "change_messagelog", "name": "Can change message log", "content_type": 18}}, {"pk": 54, "model": "auth.permission", "fields": {"codename": "delete_messagelog", "name": "Can delete message log", "content_type": 18}}, {"pk": 31, "model": "auth.permission", "fields": {"codename": "add_notice", "name": "Can add notice", "content_type": 11}}, {"pk": 32, "model": "auth.permission", "fields": {"codename": "change_notice", "name": "Can change notice", "content_type": 11}}, {"pk": 33, "model": "auth.permission", "fields": {"codename": "delete_notice", "name": "Can delete notice", "content_type": 11}}, {"pk": 34, "model": "auth.permission", "fields": {"codename": "add_noticequeuebatch", "name": "Can add notice queue batch", "content_type": 12}}, {"pk": 35, "model": "auth.permission", "fields": {"codename": "change_noticequeuebatch", "name": "Can change notice queue batch", "content_type": 12}}, {"pk": 36, "model": "auth.permission", "fields": {"codename": "delete_noticequeuebatch", "name": "Can delete notice queue batch", "content_type": 12}}, {"pk": 28, "model": "auth.permission", "fields": {"codename": "add_noticesetting", "name": "Can add notice setting", "content_type": 10}}, {"pk": 29, "model": "auth.permission", "fields": {"codename": "change_noticesetting", "name": "Can change notice setting", "content_type": 10}}, {"pk": 30, "model": "auth.permission", "fields": {"codename": "delete_noticesetting", "name": "Can delete notice setting", "content_type": 10}}, {"pk": 25, "model": "auth.permission", "fields": {"codename": "add_noticetype", "name": "Can add notice type", "content_type": 9}}, {"pk": 26, "model": "auth.permission", "fields": {"codename": "change_noticetype", "name": "Can change notice type", "content_type": 9}}, {"pk": 27, "model": "auth.permission", "fields": {"codename": "delete_noticetype", "name": "Can delete notice type", "content_type": 9}}, {"pk": 37, "model": "auth.permission", "fields": {"codename": "add_observeditem", "name": "Can add observed item", "content_type": 13}}, {"pk": 38, "model": "auth.permission", "fields": {"codename": "change_observeditem", "name": "Can change observed item", "content_type": 13}}, {"pk": 39, "model": "auth.permission", "fields": {"codename": "delete_observeditem", "name": "Can delete observed item", "content_type": 13}}, {"pk": 19, "model": "auth.permission", "fields": {"codename": "add_session", "name": "Can add session", "content_type": 7}}, {"pk": 20, "model": "auth.permission", "fields": {"codename": "change_session", "name": "Can change session", "content_type": 7}}, {"pk": 21, "model": "auth.permission", "fields": {"codename": "delete_session", "name": "Can delete session", "content_type": 7}}, {"pk": 67, "model": "auth.permission", "fields": {"codename": "add_signupcode", "name": "Can add signup code", "content_type": 23}}, {"pk": 68, "model": "auth.permission", "fields": {"codename": "change_signupcode", "name": "Can change signup code", "content_type": 23}}, {"pk": 69, "model": "auth.permission", "fields": {"codename": "delete_signupcode", "name": "Can delete signup code", "content_type": 23}}, {"pk": 70, "model": "auth.permission", "fields": {"codename": "add_signupcoderesult", "name": "Can add signup code result", "content_type": 24}}, {"pk": 71, "model": "auth.permission", "fields": {"codename": "change_signupcoderesult", "name": "Can change signup code result", "content_type": 24}}, {"pk": 72, "model": "auth.permission", "fields": {"codename": "delete_signupcoderesult", "name": "Can delete signup code result", "content_type": 24}}, {"pk": 22, "model": "auth.permission", "fields": {"codename": "add_site", "name": "Can add site", "content_type": 8}}, {"pk": 23, "model": "auth.permission", "fields": {"codename": "change_site", "name": "Can change site", "content_type": 8}}, {"pk": 24, "model": "auth.permission", "fields": {"codename": "delete_site", "name": "Can delete site", "content_type": 8}}, {"pk": 82, "model": "auth.permission", "fields": {"codename": "add_migrationhistory", "name": "Can add migration history", "content_type": 28}}, {"pk": 83, "model": "auth.permission", "fields": {"codename": "change_migrationhistory", "name": "Can change migration history", "content_type": 28}}, {"pk": 84, "model": "auth.permission", "fields": {"codename": "delete_migrationhistory", "name": "Can delete migration history", "content_type": 28}}, {"pk": 127, "model": "auth.permission", "fields": {"codename": "add_tag", "name": "Can add tag", "content_type": 43}}, {"pk": 128, "model": "auth.permission", "fields": {"codename": "change_tag", "name": "Can change tag", "content_type": 43}}, {"pk": 129, "model": "auth.permission", "fields": {"codename": "delete_tag", "name": "Can delete tag", "content_type": 43}}, {"pk": 130, "model": "auth.permission", "fields": {"codename": "add_usertaggeditem", "name": "Can add tagged item", "content_type": 44}}, {"pk": 131, "model": "auth.permission", "fields": {"codename": "change_usertaggeditem", "name": "Can change tagged item", "content_type": 44}}, {"pk": 132, "model": "auth.permission", "fields": {"codename": "delete_usertaggeditem", "name": "Can delete tagged item", "content_type": 44}}, {"pk": 84, "model": "admin.logentry", "fields": {"action_flag": 2, "action_time": "2011-01-10 07:04:52", "object_repr": "flashcards/shared/1/4_front.html", "object_id": "7", "change_message": "Changed content.", "user": 1, "content_type": 25}}, {"pk": 83, "model": "admin.logentry", "fields": {"action_flag": 2, "action_time": "2011-01-10 07:04:36", "object_repr": "flashcards/shared/1/3_front.html", "object_id": "5", "change_message": "Changed content.", "user": 1, "content_type": 25}}, {"pk": 82, "model": "admin.logentry", "fields": {"action_flag": 2, "action_time": "2011-01-10 07:03:59", "object_repr": "flashcards/shared/1/3_front.html", "object_id": "5", "change_message": "Changed content.", "user": 1, "content_type": 25}}, {"pk": 81, "model": "admin.logentry", "fields": {"action_flag": 2, "action_time": "2011-01-10 06:57:29", "object_repr": "flashcards/shared/1/4_back.html", "object_id": "8", "change_message": "Changed content.", "user": 1, "content_type": 25}}, {"pk": 80, "model": "admin.logentry", "fields": {"action_flag": 2, "action_time": "2011-01-06 22:36:27", "object_repr": "flashcards/shared/1/1_back.html", "object_id": "2", "change_message": "Changed content.", "user": 1, "content_type": 25}}, {"pk": 79, "model": "admin.logentry", "fields": {"action_flag": 2, "action_time": "2011-01-06 22:36:18", "object_repr": "flashcards/shared/1/1_front.html", "object_id": "1", "change_message": "Changed content.", "user": 1, "content_type": 25}}, {"pk": 78, "model": "admin.logentry", "fields": {"action_flag": 2, "action_time": "2011-01-06 22:35:53", "object_repr": "flashcards/shared/1/2_back.html", "object_id": "4", "change_message": "Changed content.", "user": 1, "content_type": 25}}, {"pk": 77, "model": "admin.logentry", "fields": {"action_flag": 2, "action_time": "2011-01-06 22:35:44", "object_repr": "flashcards/shared/1/2_front.html", "object_id": "3", "change_message": "Changed content.", "user": 1, "content_type": 25}}, {"pk": 76, "model": "admin.logentry", "fields": {"action_flag": 2, "action_time": "2011-01-06 22:35:35", "object_repr": "flashcards/shared/1/3_back.html", "object_id": "6", "change_message": "Changed content.", "user": 1, "content_type": 25}}, {"pk": 75, "model": "admin.logentry", "fields": {"action_flag": 2, "action_time": "2011-01-06 22:35:27", "object_repr": "flashcards/shared/1/3_front.html", "object_id": "5", "change_message": "Changed content.", "user": 1, "content_type": 25}}, {"pk": 74, "model": "admin.logentry", "fields": {"action_flag": 2, "action_time": "2011-01-06 22:35:17", "object_repr": "flashcards/shared/1/4_back.html", "object_id": "8", "change_message": "Changed content.", "user": 1, "content_type": 25}}, {"pk": 73, "model": "admin.logentry", "fields": {"action_flag": 2, "action_time": "2011-01-06 22:35:10", "object_repr": "flashcards/shared/1/4_front.html", "object_id": "7", "change_message": "Changed content.", "user": 1, "content_type": 25}}, {"pk": 72, "model": "admin.logentry", "fields": {"action_flag": 2, "action_time": "2011-01-06 15:44:58", "object_repr": "flashcards/shared/1/2_back.html", "object_id": "4", "change_message": "Changed content.", "user": 1, "content_type": 25}}, {"pk": 71, "model": "admin.logentry", "fields": {"action_flag": 2, "action_time": "2011-01-06 15:43:31", "object_repr": "flashcards/shared/1/1_back.html", "object_id": "2", "change_message": "Changed content.", "user": 1, "content_type": 25}}, {"pk": 70, "model": "admin.logentry", "fields": {"action_flag": 2, "action_time": "2011-01-06 15:43:08", "object_repr": "flashcards/shared/1/1_front.html", "object_id": "1", "change_message": "Changed content.", "user": 1, "content_type": 25}}, {"pk": 69, "model": "admin.logentry", "fields": {"action_flag": 2, "action_time": "2011-01-06 15:43:02", "object_repr": "flashcards/shared/1/2_back.html", "object_id": "4", "change_message": "Changed content.", "user": 1, "content_type": 25}}, {"pk": 68, "model": "admin.logentry", "fields": {"action_flag": 2, "action_time": "2011-01-06 15:42:49", "object_repr": "flashcards/shared/1/2_front.html", "object_id": "3", "change_message": "Changed content.", "user": 1, "content_type": 25}}, {"pk": 67, "model": "admin.logentry", "fields": {"action_flag": 2, "action_time": "2011-01-06 15:42:34", "object_repr": "flashcards/shared/1/4_front.html", "object_id": "7", "change_message": "Changed content.", "user": 1, "content_type": 25}}, {"pk": 66, "model": "admin.logentry", "fields": {"action_flag": 2, "action_time": "2011-01-06 15:42:17", "object_repr": "flashcards/shared/1/4_back.html", "object_id": "8", "change_message": "Changed content.", "user": 1, "content_type": 25}}, {"pk": 65, "model": "admin.logentry", "fields": {"action_flag": 2, "action_time": "2011-01-06 15:42:03", "object_repr": "flashcards/shared/1/3_front.html", "object_id": "5", "change_message": "Changed content.", "user": 1, "content_type": 25}}, {"pk": 64, "model": "admin.logentry", "fields": {"action_flag": 2, "action_time": "2011-01-06 15:41:43", "object_repr": "flashcards/shared/1/3_back.html", "object_id": "6", "change_message": "Changed content.", "user": 1, "content_type": 25}}, {"pk": 63, "model": "admin.logentry", "fields": {"action_flag": 2, "action_time": "2011-01-06 15:41:24", "object_repr": "flashcards/shared/1/2_front.html", "object_id": "3", "change_message": "Changed content.", "user": 1, "content_type": 25}}, {"pk": 62, "model": "admin.logentry", "fields": {"action_flag": 2, "action_time": "2011-01-06 15:38:52", "object_repr": "flashcards/shared/1/2_front.html", "object_id": "3", "change_message": "Changed content.", "user": 1, "content_type": 25}}, {"pk": 61, "model": "admin.logentry", "fields": {"action_flag": 2, "action_time": "2011-01-06 15:34:15", "object_repr": "flashcards/shared/1/1_back.html", "object_id": "2", "change_message": "Changed content.", "user": 1, "content_type": 25}}, {"pk": 60, "model": "admin.logentry", "fields": {"action_flag": 2, "action_time": "2011-01-06 15:33:45", "object_repr": "flashcards/shared/1/1_front.html", "object_id": "1", "change_message": "Changed content.", "user": 1, "content_type": 25}}, {"pk": 59, "model": "admin.logentry", "fields": {"action_flag": 2, "action_time": "2011-01-06 15:33:22", "object_repr": "flashcards/shared/1/2_back.html", "object_id": "4", "change_message": "Changed content.", "user": 1, "content_type": 25}}, {"pk": 58, "model": "admin.logentry", "fields": {"action_flag": 2, "action_time": "2011-01-06 15:33:01", "object_repr": "flashcards/shared/1/2_front.html", "object_id": "3", "change_message": "Changed content.", "user": 1, "content_type": 25}}, {"pk": 57, "model": "admin.logentry", "fields": {"action_flag": 2, "action_time": "2011-01-06 15:32:26", "object_repr": "flashcards/shared/1/3_back.html", "object_id": "6", "change_message": "Changed content.", "user": 1, "content_type": 25}}, {"pk": 56, "model": "admin.logentry", "fields": {"action_flag": 2, "action_time": "2011-01-06 15:31:55", "object_repr": "flashcards/shared/1/4_front.html", "object_id": "7", "change_message": "Changed content.", "user": 1, "content_type": 25}}, {"pk": 55, "model": "admin.logentry", "fields": {"action_flag": 2, "action_time": "2011-01-06 15:31:20", "object_repr": "flashcards/shared/1/4_back.html", "object_id": "8", "change_message": "Changed content.", "user": 1, "content_type": 25}}, {"pk": 54, "model": "admin.logentry", "fields": {"action_flag": 2, "action_time": "2011-01-06 15:30:55", "object_repr": "flashcards/shared/1/3_front.html", "object_id": "5", "change_message": "Changed content.", "user": 1, "content_type": 25}}, {"pk": 53, "model": "admin.logentry", "fields": {"action_flag": 2, "action_time": "2011-01-06 15:18:45", "object_repr": "flashcards/shared/1/1_front.html", "object_id": "1", "change_message": "Changed content.", "user": 1, "content_type": 25}}, {"pk": 52, "model": "admin.logentry", "fields": {"action_flag": 2, "action_time": "2011-01-06 15:18:31", "object_repr": "flashcards/shared/1/1_back.html", "object_id": "2", "change_message": "Changed content.", "user": 1, "content_type": 25}}, {"pk": 51, "model": "admin.logentry", "fields": {"action_flag": 2, "action_time": "2011-01-06 14:00:53", "object_repr": "flashcards/shared/1/1_back.html", "object_id": "2", "change_message": "Changed content.", "user": 1, "content_type": 25}}, {"pk": 50, "model": "admin.logentry", "fields": {"action_flag": 2, "action_time": "2011-01-06 14:00:42", "object_repr": "flashcards/shared/1/2_front.html", "object_id": "3", "change_message": "Changed content.", "user": 1, "content_type": 25}}, {"pk": 49, "model": "admin.logentry", "fields": {"action_flag": 2, "action_time": "2011-01-06 14:00:25", "object_repr": "flashcards/shared/1/3_back.html", "object_id": "6", "change_message": "Changed content.", "user": 1, "content_type": 25}}, {"pk": 48, "model": "admin.logentry", "fields": {"action_flag": 2, "action_time": "2011-01-06 13:59:41", "object_repr": "flashcards/shared/1/3_back.html", "object_id": "6", "change_message": "Changed content.", "user": 1, "content_type": 25}}, {"pk": 47, "model": "admin.logentry", "fields": {"action_flag": 2, "action_time": "2011-01-06 13:59:33", "object_repr": "flashcards/shared/1/2_front.html", "object_id": "3", "change_message": "Changed content.", "user": 1, "content_type": 25}}, {"pk": 46, "model": "admin.logentry", "fields": {"action_flag": 2, "action_time": "2011-01-06 13:59:25", "object_repr": "flashcards/shared/1/1_back.html", "object_id": "2", "change_message": "Changed content.", "user": 1, "content_type": 25}}, {"pk": 45, "model": "admin.logentry", "fields": {"action_flag": 2, "action_time": "2011-01-06 13:57:58", "object_repr": "flashcards/shared/1/1_back.html", "object_id": "2", "change_message": "Changed content.", "user": 1, "content_type": 25}}, {"pk": 44, "model": "admin.logentry", "fields": {"action_flag": 2, "action_time": "2011-01-06 13:57:47", "object_repr": "flashcards/shared/1/2_front.html", "object_id": "3", "change_message": "Changed content.", "user": 1, "content_type": 25}}, {"pk": 43, "model": "admin.logentry", "fields": {"action_flag": 2, "action_time": "2011-01-06 13:57:39", "object_repr": "flashcards/shared/1/3_back.html", "object_id": "6", "change_message": "Changed content.", "user": 1, "content_type": 25}}, {"pk": 42, "model": "admin.logentry", "fields": {"action_flag": 2, "action_time": "2011-01-06 13:41:28", "object_repr": "flashcards/shared/1/3_back.html", "object_id": "6", "change_message": "Changed content.", "user": 1, "content_type": 25}}, {"pk": 41, "model": "admin.logentry", "fields": {"action_flag": 2, "action_time": "2011-01-06 13:41:19", "object_repr": "flashcards/shared/1/2_front.html", "object_id": "3", "change_message": "Changed content.", "user": 1, "content_type": 25}}, {"pk": 40, "model": "admin.logentry", "fields": {"action_flag": 2, "action_time": "2011-01-06 13:41:08", "object_repr": "flashcards/shared/1/1_back.html", "object_id": "2", "change_message": "Changed content.", "user": 1, "content_type": 25}}, {"pk": 39, "model": "admin.logentry", "fields": {"action_flag": 3, "action_time": "2011-01-06 13:17:38", "object_repr": "First Deck", "object_id": "1", "change_message": "", "user": 1, "content_type": 35}}, {"pk": 38, "model": "admin.logentry", "fields": {"action_flag": 3, "action_time": "2011-01-06 13:17:38", "object_repr": "j", "object_id": "2", "change_message": "", "user": 1, "content_type": 35}}, {"pk": 37, "model": "admin.logentry", "fields": {"action_flag": 3, "action_time": "2011-01-06 13:17:38", "object_repr": "m", "object_id": "3", "change_message": "", "user": 1, "content_type": 35}}, {"pk": 36, "model": "admin.logentry", "fields": {"action_flag": 3, "action_time": "2011-01-06 13:17:38", "object_repr": "fds", "object_id": "4", "change_message": "", "user": 1, "content_type": 35}}, {"pk": 35, "model": "admin.logentry", "fields": {"action_flag": 3, "action_time": "2011-01-06 13:17:38", "object_repr": "jj", "object_id": "5", "change_message": "", "user": 1, "content_type": 35}}, {"pk": 34, "model": "admin.logentry", "fields": {"action_flag": 3, "action_time": "2011-01-06 13:17:38", "object_repr": "fdfgh", "object_id": "6", "change_message": "", "user": 1, "content_type": 35}}, {"pk": 33, "model": "admin.logentry", "fields": {"action_flag": 3, "action_time": "2011-01-06 13:17:38", "object_repr": "kljlkj", "object_id": "7", "change_message": "", "user": 1, "content_type": 35}}, {"pk": 32, "model": "admin.logentry", "fields": {"action_flag": 3, "action_time": "2011-01-06 13:17:38", "object_repr": "kljlkj", "object_id": "8", "change_message": "", "user": 1, "content_type": 35}}, {"pk": 31, "model": "admin.logentry", "fields": {"action_flag": 3, "action_time": "2011-01-06 13:17:38", "object_repr": "kljlkj", "object_id": "9", "change_message": "", "user": 1, "content_type": 35}}, {"pk": 30, "model": "admin.logentry", "fields": {"action_flag": 3, "action_time": "2011-01-06 13:17:38", "object_repr": "klj", "object_id": "10", "change_message": "", "user": 1, "content_type": 35}}, {"pk": 29, "model": "admin.logentry", "fields": {"action_flag": 3, "action_time": "2011-01-06 13:17:38", "object_repr": "Lost n' Found", "object_id": "11", "change_message": "", "user": 1, "content_type": 35}}, {"pk": 28, "model": "admin.logentry", "fields": {"action_flag": 3, "action_time": "2011-01-06 13:17:38", "object_repr": "kljklj", "object_id": "12", "change_message": "", "user": 1, "content_type": 35}}, {"pk": 27, "model": "admin.logentry", "fields": {"action_flag": 3, "action_time": "2011-01-06 13:17:38", "object_repr": "lkj", "object_id": "13", "change_message": "", "user": 1, "content_type": 35}}, {"pk": 26, "model": "admin.logentry", "fields": {"action_flag": 3, "action_time": "2011-01-06 13:17:38", "object_repr": "lkjlkjlkj", "object_id": "14", "change_message": "", "user": 1, "content_type": 35}}, {"pk": 25, "model": "admin.logentry", "fields": {"action_flag": 3, "action_time": "2011-01-06 13:17:38", "object_repr": "kljljkljk", "object_id": "15", "change_message": "", "user": 1, "content_type": 35}}, {"pk": 24, "model": "admin.logentry", "fields": {"action_flag": 3, "action_time": "2011-01-06 13:17:38", "object_repr": "kljlkj", "object_id": "16", "change_message": "", "user": 1, "content_type": 35}}, {"pk": 23, "model": "admin.logentry", "fields": {"action_flag": 3, "action_time": "2011-01-06 12:56:21", "object_repr": "First", "object_id": "1", "change_message": "", "user": 1, "content_type": 35}}, {"pk": 22, "model": "admin.logentry", "fields": {"action_flag": 3, "action_time": "2011-01-06 12:56:21", "object_repr": "2nd", "object_id": "2", "change_message": "", "user": 1, "content_type": 35}}, {"pk": 21, "model": "admin.logentry", "fields": {"action_flag": 3, "action_time": "2011-01-06 12:54:12", "object_repr": "First", "object_id": "1", "change_message": "", "user": 1, "content_type": 35}}, {"pk": 20, "model": "admin.logentry", "fields": {"action_flag": 3, "action_time": "2011-01-06 12:53:18", "object_repr": "First Deck", "object_id": "1", "change_message": "", "user": 1, "content_type": 35}}, {"pk": 19, "model": "admin.logentry", "fields": {"action_flag": 2, "action_time": "2011-01-06 12:49:21", "object_repr": "flashcards/shared/1/3_back.html", "object_id": "6", "change_message": "Changed content.", "user": 1, "content_type": 25}}, {"pk": 18, "model": "admin.logentry", "fields": {"action_flag": 2, "action_time": "2011-01-06 12:48:59", "object_repr": "flashcards/shared/1/2_front.html", "object_id": "3", "change_message": "Changed content.", "user": 1, "content_type": 25}}, {"pk": 17, "model": "admin.logentry", "fields": {"action_flag": 2, "action_time": "2011-01-06 12:48:25", "object_repr": "flashcards/shared/1/1_back.html", "object_id": "2", "change_message": "Changed content.", "user": 1, "content_type": 25}}, {"pk": 16, "model": "admin.logentry", "fields": {"action_flag": 2, "action_time": "2011-01-06 09:47:57", "object_repr": "flashcards/shared/1/4_back.html", "object_id": "8", "change_message": "Changed content.", "user": 1, "content_type": 25}}, {"pk": 15, "model": "admin.logentry", "fields": {"action_flag": 2, "action_time": "2011-01-06 09:47:49", "object_repr": "flashcards/shared/1/3_front.html", "object_id": "5", "change_message": "Changed content.", "user": 1, "content_type": 25}}, {"pk": 14, "model": "admin.logentry", "fields": {"action_flag": 2, "action_time": "2011-01-06 09:47:37", "object_repr": "flashcards/shared/1/3_back.html", "object_id": "6", "change_message": "Changed content.", "user": 1, "content_type": 25}}, {"pk": 13, "model": "admin.logentry", "fields": {"action_flag": 2, "action_time": "2011-01-06 09:47:29", "object_repr": "flashcards/shared/1/2_front.html", "object_id": "3", "change_message": "Changed content.", "user": 1, "content_type": 25}}, {"pk": 12, "model": "admin.logentry", "fields": {"action_flag": 2, "action_time": "2011-01-06 09:47:12", "object_repr": "flashcards/shared/1/2_back.html", "object_id": "4", "change_message": "Changed content.", "user": 1, "content_type": 25}}, {"pk": 11, "model": "admin.logentry", "fields": {"action_flag": 2, "action_time": "2011-01-06 09:47:04", "object_repr": "flashcards/shared/1/1_front.html", "object_id": "1", "change_message": "Changed content.", "user": 1, "content_type": 25}}, {"pk": 10, "model": "admin.logentry", "fields": {"action_flag": 2, "action_time": "2011-01-06 09:46:50", "object_repr": "flashcards/shared/1/4_front.html", "object_id": "7", "change_message": "Changed content.", "user": 1, "content_type": 25}}, {"pk": 9, "model": "admin.logentry", "fields": {"action_flag": 2, "action_time": "2011-01-06 09:46:26", "object_repr": "flashcards/shared/1/1_back.html", "object_id": "2", "change_message": "Changed content.", "user": 1, "content_type": 25}}, {"pk": 8, "model": "admin.logentry", "fields": {"action_flag": 2, "action_time": "2011-01-06 07:44:51", "object_repr": "Example Sentence: expression", "object_id": "8", "change_message": "Changed name.", "user": 1, "content_type": 37}}, {"pk": 7, "model": "admin.logentry", "fields": {"action_flag": 2, "action_time": "2011-01-06 07:44:44", "object_repr": "Example Sentence: reading", "object_id": "7", "change_message": "Changed name.", "user": 1, "content_type": 37}}, {"pk": 6, "model": "admin.logentry", "fields": {"action_flag": 2, "action_time": "2011-01-06 07:44:36", "object_repr": "Example Sentence: meaning", "object_id": "6", "change_message": "Changed name.", "user": 1, "content_type": 37}}, {"pk": 5, "model": "admin.logentry", "fields": {"action_flag": 2, "action_time": "2011-01-06 07:44:29", "object_repr": "Japanese: notes", "object_id": "5", "change_message": "Changed name.", "user": 1, "content_type": 37}}, {"pk": 4, "model": "admin.logentry", "fields": {"action_flag": 2, "action_time": "2011-01-06 07:44:16", "object_repr": "Japanese: part_of_speech", "object_id": "4", "change_message": "Changed name.", "user": 1, "content_type": 37}}, {"pk": 3, "model": "admin.logentry", "fields": {"action_flag": 2, "action_time": "2011-01-06 07:44:07", "object_repr": "Japanese: reading", "object_id": "2", "change_message": "Changed name.", "user": 1, "content_type": 37}}, {"pk": 2, "model": "admin.logentry", "fields": {"action_flag": 2, "action_time": "2011-01-06 07:44:00", "object_repr": "Japanese: meaning", "object_id": "1", "change_message": "Changed name.", "user": 1, "content_type": 37}}, {"pk": 1, "model": "admin.logentry", "fields": {"action_flag": 2, "action_time": "2011-01-06 07:43:51", "object_repr": "Japanese: expression", "object_id": "3", "change_message": "Changed name.", "user": 1, "content_type": 37}}, {"pk": 1, "model": "auth.user", "fields": {"username": "alex", "first_name": "", "last_name": "", "is_active": true, "is_superuser": true, "is_staff": true, "last_login": "2011-01-06 22:58:29", "groups": [], "user_permissions": [], "password": "sha1$45947$707df30cb48cf86507327d3a3f8dfd88b7d27601", "email": "w@w.com", "date_joined": "2011-01-06 07:26:01"}}]